"","X","id","site","block","live_mass","richness","shannon","simpson","sd_biomass","variability","gama","shannon_g","simpson_g","Spie","a_beta","m_beta","multi_beta","mult_beta_pa","sd","sd_spec","complementarity","covariation","variability_log","biomass_log","covariation_log","cv_soil"
"1",1,"amcamp.us_1","amcamp.us",1,466.838805,13.4,1.77944281035594,4.70822671140943,199.276641677386,0.426863918644009,27,2.45293965435157,8.83154538530746,5.00468522323784,13.6,2.01492537313433,0.405869147352023,0.195062467853025,199.276641677386,659.021762136979,0.908564829486087,0.0914351705139134,-0.851290008246717,6.14598402677736,-2.39212507679248,0.660488568039906
"2",2,"amcamp.us_2","amcamp.us",2,462.297785,12.7,1.79622369432575,4.65445534131116,141.773072719668,0.306670456402181,27,2.3363110842263,8.47314237930339,4.93094176383329,14.3,2.1259842519685,0.370529819578194,0.203086608561501,141.773072719668,523.471555129295,0.926649795472744,0.0733502045272556,-1.18198153985032,6.13620923972162,-2.61250998602272,0.690040405207526
"3",3,"amcamp.us_3","amcamp.us",3,393.88463,12.4,1.33498311786831,3.31800281884936,96.1985281105295,0.244230215610417,23,1.91531607686487,3.45114510368297,3.54853761140968,10.6,1.85483870967742,0.407933295531185,0.210094776629888,96.1985281105295,422.979363909712,0.948275238746459,0.0517247612535415,-1.40964399191144,5.97605804915971,-2.96181867104912,0.744152601171374
"4",4,"arch.us_1","arch.us",1,257.25,11.4,1.71389875162777,4.05324752297693,55.5609025204675,0.215980184724849,30,1.96240190798013,4.57283302726916,4.1776371395685,18.6,2.63157894736842,0.21850439109915,0.241463838710616,55.5609025204675,174.702879252743,0.898856388153719,0.101143611846281,-1.53256861289106,5.55004837471416,-2.29121387261455,0.376337029836951
"5",5,"arch.us_2","arch.us",2,308.15,12.7,1.84316191717442,5.00695204290817,118.737350203436,0.385323219871607,32,2.30142670333688,6.86223195243039,5.23723451348498,19.3,2.51968503937008,0.323749484699734,0.243653254810401,118.737350203436,304.579752927986,0.848024827332704,0.151975172667296,-0.953672764770297,5.73058667740825,-1.88403810919207,0.452086400497097
"6",6,"arch.us_3","arch.us",3,260.55,18.3,2.01568038122306,5.2108339327174,98.7495288315061,0.379004140593,48,2.59796449834567,7.73487106647728,5.54058335533755,29.7,2.62295081967213,0.355648255665254,0.294478006490141,98.7495288315061,306.258650919721,0.896033521491939,0.103966478508061,-0.970208148911896,5.56279478135522,-2.26368675383555,0.465348052637733
"7",7,"azi.cn_1","azi.cn",1,386.8025,36.5,2.7139732692968,10.189401183443,64.8306543255409,0.167606606279796,63,3.01073463028218,13.0120715698842,10.9377251671896,26.5,1.72602739726027,0.26702397558024,0.153558006117862,64.8306543255409,298.669340733065,0.9528827946717,0.0471172053283001,-1.78613567476709,5.95791422684677,-3.05511705106875,0.40562419221811
"8",8,"azi.cn_2","azi.cn",2,378.544,36.3,2.75058876889699,10.4349176578518,33.609749230444,0.0887869025276957,60,3.12553034423673,14.0208336486604,11.2009178869593,23.7,1.65289256198347,0.296280238290702,0.163965031617771,33.609749230444,323.03211235657,0.989174719720767,0.0108252802792332,-2.42151613391981,5.93633231446993,-4.52587111358275,0.688213573818437
"9",9,"azi.cn_3","azi.cn",3,342.1895,33.1,2.6921209501967,10.7180825440011,40.1080161321344,0.117209955688688,54,2.99205762182306,13.2884366272343,11.5461601943175,20.9,1.63141993957704,0.254000270492542,0.154001527745444,40.1080161321344,256.684233078644,0.975584592548855,0.0244154074511455,-2.14378845929773,5.8353646771767,-3.71254089304969,0.35625843939556
"10",10,"badlau.de_1","badlau.de",1,704.44875,9.875,1.47675432797783,3.04642485031577,250.871830761532,0.356125027919394,21,1.98235743574869,4.78762767392561,3.16693477252897,11.125,2.12658227848101,0.299160267092411,0.214967836990221,250.871830761532,771.35420848005,0.894221819710557,0.105778180289443,-1.03247340776633,6.55741558206376,-2.24641101627689,0.282019118250883
"11",11,"badlau.de_2","badlau.de",2,449.58625,9.375,1.60734755167925,3.81441548328184,228.014120674106,0.507164355391442,24,2.01475827539671,4.94752833937128,4.06600378468625,14.625,2.56,0.249775567223463,0.250061162004777,228.014120674106,426.861849793215,0.714669102560155,0.285330897439845,-0.678920155553755,6.10832771537161,-1.25410572855483,0.378395926311273
"12",12,"badlau.de_3","badlau.de",3,579.83625,10.5,1.827740361508,5.07117153664157,161.544736390132,0.278604065182423,27,2.24628536398473,6.7367626796142,5.48516303072702,16.5,2.57142857142857,0.298618846902724,0.224799825498031,161.544736390132,535.668534076007,0.909051958383356,0.0909480416166444,-1.2779636262769,6.36274573609232,-2.39746690677711,0.337877218825046
"13",13,"bari.ar_1","bari.ar",1,140.173125,10.5,1.37927437251164,2.96736864508397,66.5573059173983,0.474822159507383,33,2.15122687005302,6.33490129172992,3.1468857761607,22.5,3.14285714285714,0.436361054716293,0.308716552991597,66.5573059173983,167.368335956948,0.84185885737475,0.15814114262525,-0.744814946090152,4.9428782657833,-1.84426733696234,0.485519198256599
"14",14,"bari.ar_2","bari.ar",2,291.3895,5.3,0.665602882087854,1.71568542751861,157.940774157242,0.542026305536891,14,0.767690730998484,1.68457977062027,1.75754614019128,8.7,2.64150943396226,0.20083128938165,0.184189564592887,157.940774157242,230.86998936606,0.531991696018431,0.468008303981569,-0.612440744519331,5.6746608601675,-0.759269239671544,0.351706741695008
"15",15,"bari.ar_3","bari.ar",3,314.926,5.4,0.746558471869815,1.81129984949867,91.5753404094744,0.290783677465418,17,0.964238943908103,1.76598425459812,1.85558521990924,11.6,3.14814814814815,0.237709217683375,0.232706846942875,91.5753404094744,214.383639026029,0.817537422116252,0.182462577883748,-1.23517566465939,5.75233769059254,-1.70121017967756,0.472607219400884
"16",16,"barta.us_1","barta.us",1,180.16,12.1,2.1912807716561,7.49503915272959,47.5947872962762,0.264180657727999,30,2.79449368302401,12.0620659878387,8.7306274160095,17.9,2.47933884297521,0.376851446432095,0.297767007169224,47.5947872962762,211.240159477881,0.949234834406977,0.0507651655930229,-1.3311221002931,5.19384534495133,-2.98054487628169,1.11380879991404
"17",17,"barta.us_2","barta.us",2,237.16,11.4,2.10069023385069,6.62658658407932,96.5831069885182,0.407248722333101,33,2.70561426532732,9.64180376559312,7.47295766928304,21.6,2.89473684210526,0.368472530493037,0.335928430988483,96.5831069885182,292.245077455544,0.890778550737656,0.109221449262344,-0.898331168808524,5.46873501883917,-2.21437781314324,0.217948778576867
"18",18,"barta.us_3","barta.us",3,200.05,11.9,2.21273422798997,7.82610111374326,80.5940375517252,0.402869470391028,30,2.75741358733492,10.5346741579133,9.03521163381368,18.1,2.52100840336134,0.342256200247368,0.249844772793491,80.5940375517252,228.298995785814,0.87537710826936,0.12462289173064,-0.909142664312052,5.29856733530324,-2.08246296774883,0.41477239721926
"19",19,"bnch.us_1","bnch.us",1,161.4149985,10.9,1.76019901492279,4.48273286815656,36.7104641333142,0.227429077065067,24,2.09185759084529,5.39357653462626,4.62934262707506,13.1,2.20183486238532,0.253681687984159,0.203517446760262,36.7104641333142,127.610830117337,0.91724301060775,0.0827569893922502,-1.48091683835954,5.08397867902765,-2.49184680433716,0.674666723542442
"20",20,"bnch.us_2","bnch.us",2,157.450001,9.5,1.65532205943586,4.0005960115646,68.7690233902996,0.436767373474323,25,2.09513213212217,5.5473380721911,4.12658164864401,15.5,2.63157894736842,0.340415097174861,0.250681884175047,68.7690233902996,159.870138231721,0.81496622351871,0.18503377648129,-0.828354551768125,5.05910795389826,-1.68721689499416,0.689796977331903
"21",21,"bnch.us_3","bnch.us",3,107.1099985,7.9,1.31993346790394,2.87636436144565,33.7932151396962,0.315500099084552,17,1.51060380995396,3.16584856636596,2.94780461625877,9.1,2.15189873417722,0.248612443251982,0.139058592697953,33.7932151396962,71.8671081750207,0.778894937370565,0.221105062629435,-1.15359628294529,4.67385632977224,-1.50911729391622,0.584983816224349
"22",22,"bogong.au_1","bogong.au",1,458.385,15.8,1.69057862318396,4.17698815752451,157.898174027159,0.344466276224483,29,2.01502555579976,4.55023932726888,4.50291889864202,13.2,1.83544303797468,0.28962293060702,0.161935067953687,157.898174027159,406.667434512628,0.849243716135756,0.150756283864244,-1.0657590852665,6.12770944235205,-1.89209076023534,0.584246263218345
"23",23,"bogong.au_2","bogong.au",2,383.12,17.5,1.4852449356139,3.35873497116957,168.522654593117,0.439869113053658,29,1.86960471535088,3.7017162571541,3.51860712976251,11.5,1.65714285714286,0.308052327242147,0.170171364180112,168.522654593117,358.652165817187,0.779214947517186,0.220785052482814,-0.821278066655502,5.94834825603435,-1.51056566395945,0.75481385822201
"24",24,"bogong.au_3","bogong.au",3,407.075,17.9,1.07955015055134,2.10548837322326,83.0921518222055,0.204120006932888,31,1.37436226568101,2.24638459526838,2.1460282610419,13.1,1.73184357541899,0.238117378672128,0.157236193282947,83.0921518222055,293.487634510826,0.919843195368908,0.0801568046310917,-1.5890471888216,6.00899744365028,-2.52377050482669,0.61814216667426
"25",25,"bttr.us_1","bttr.us",1,213.779999,10,1.76733751486978,4.88341097434179,70.5639032080536,0.33007719870021,32,2.51787794832832,7.36112568073735,4.99733053018194,22,3.2,0.384005065664224,0.354379178110938,70.5639032080536,283.888346937461,0.938216848248039,0.0617831517519608,-1.10842871642506,5.36494744416809,-2.78412457706035,0.73681037308908
"26",26,"bttr.us_2","bttr.us",2,165.3650005,16.3,2.18882173975049,7.01857543196454,55.7425589163154,0.337088009843506,42,2.82075472432496,12.3537610496213,7.34058654252092,25.7,2.57668711656442,0.36710862782878,0.264465111996103,55.7425589163154,204.324315133089,0.925572454089575,0.0744275459104249,-1.08741122591962,5.10815515499854,-2.59792916493376,0.637555359225211
"27",27,"bttr.us_3","bttr.us",3,314.855003,15.3,2.06534818107458,6.29137923121527,102.4216704469,0.325297897352769,33,2.60499182338752,10.189888793269,6.45992373096325,17.7,2.15686274509804,0.349841850605227,0.216092099069773,102.4216704469,337.360187248639,0.907828628189945,0.0921713718100555,-1.123013909241,5.7521122249149,-2.38410569761054,1.04487128974781
"28",28,"burrawan.au_1","burrawan.au",1,366.705,10,1.73817472241906,4.49410881010963,219.535460878951,0.598670486846241,22,2.31291885652215,7.48671538173473,4.70514681134001,12,2.2,0.365660669008534,0.192778269579038,219.535460878951,446.064742500688,0.75777801095471,0.24222198904529,-0.513043937662179,5.9045577101084,-1.41790066319274,0.3409413124006
"29",29,"burrawan.au_2","burrawan.au",2,238.975,9.5,1.74485340334712,4.62126872184279,172.8174972655,0.723161407115807,19,1.91918870976446,5.08912763502482,4.81434520683496,9.5,2,0.215210200409424,0.137508314761292,172.8174972655,224.907083228817,0.409568993820748,0.590431006179252,-0.324122835382552,5.47635894394983,-0.526902489833575,0.501491205646478
"30",30,"burrawan.au_3","burrawan.au",3,211.415,11.8,1.81526421852976,4.64650367514318,154.316161841706,0.729920591451438,27,2.14133843605102,5.92534571693094,4.8676785072393,15.2,2.28813559322034,0.274710908324172,0.231277073180918,154.316161841706,219.828826378437,0.507219466540378,0.492780533459622,-0.314819529590193,5.35382302645344,-0.707691369451283,0.248229580624159
"31",31,"burren.ie_1","burren.ie",1,247.255,25,2.57845111550809,9.45655638383337,24.6631016567936,0.0997476356667957,48,3.00406629212635,14.4402021115546,10.3610823134291,23,1.92,0.335367779042164,0.165176019420756,24.6631016567936,236.894821224451,0.989161123880182,0.0108388761198183,-2.30511192608159,5.51042019274527,-4.52461596732922,0.57232906680594
"32",32,"burren.ie_2","burren.ie",2,207.33,24.4,2.44183045453614,7.58776953400344,24.683476254369,0.119054050327348,54,2.99731819561742,12.5157744498647,8.2195502731811,29.6,2.21311475409836,0.370237598736658,0.235827926206705,24.683476254369,223.460233599155,0.987798530217926,0.0122014697820739,-2.12817768455872,5.33431172677141,-4.40619886055884,0.47235873920306
"33",33,"burren.ie_3","burren.ie",3,228.915,29.1,2.83884737381328,13.3858604339841,43.975087960243,0.192102256122329,52,3.25951258188996,19.0441883484163,15.6263873435111,22.9,1.78694158075601,0.320638522005445,0.176562866185764,43.975087960243,221.105229158934,0.960443723312168,0.0395562766878323,-1.6497274647564,5.43335075561095,-3.23003089476034,0.746401752933591
"34",34,"cbgb.us_1","cbgb.us",1,189.82,11.4,1.26951915217061,2.61435870704979,81.181772037269,0.427677652709246,30,1.67641480117836,3.2250405816892,2.6594365905504,18.6,2.63157894736842,0.313559195360338,0.277435197536778,81.181772037269,196.460987236387,0.829248546374164,0.170751453625836,-0.84938551503428,5.24607625470235,-1.76754626738542,0.263895726050176
"35",35,"cbgb.us_2","cbgb.us",2,205.83,7.7,1.00402800822862,2.17076404270131,116.760605514017,0.567267189010433,26,1.31277203680803,1.98224498254478,2.21345332208321,18.3,3.37662337662338,0.174308593188958,0.336057820978075,116.760605514017,203.613106856361,0.671162592455043,0.328837407544957,-0.56692485342707,5.32705058537091,-1.11219185236583,0.409131715152319
"36",36,"cbgb.us_3","cbgb.us",3,216.545,6,0.55074283316643,1.33753430596529,95.9508799392226,0.443099032252985,16,0.658974898880275,1.32286462244907,1.34247544599824,10,2.66666666666667,0.0773001187359386,0.263457421111082,95.9508799392226,128.698105759954,0.444155114197739,0.555844885802261,-0.813961984816576,5.37779837803826,-0.587266006024409,0.328730803449894
"37",37,"cbgb.us_4","cbgb.us",4,410.05,9.375,1.0196127589965,1.96910499478382,221.00119262768,0.538961572070919,27,1.29446435542959,2.02016654402305,1.98674011027394,17.625,2.88,0.161050149708798,0.283533823101374,221.00119262768,371.940476813419,0.6469450151713,0.3530549848287,-0.618111005473887,6.01627910348242,-1.0411314697916,0.213420982547908
"38",38,"cbgb.us_5","cbgb.us",5,176.28125,7.25,0.656917816043955,1.4089821508395,103.340328656269,0.586224165396315,22,0.796600356294065,1.39885267176116,1.41481861395635,14.75,3.03448275862069,0.0964643222275997,0.332707204166322,103.340328656269,129.305910957209,0.361291169773369,0.638708830226631,-0.534053027746912,5.17208073094025,-0.448306593198386,0.368601058730164
"39",39,"cbgb.us_6","cbgb.us",6,290.33125,5,0.470493628540249,1.26337193584842,141.678879708152,0.487990458168566,15,0.537579034562038,1.2629583209556,1.26663536242116,10,3,0.0446533718678159,0.183612917754567,141.678879708152,162.062274042164,0.235730776858779,0.764269223141221,-0.717459426253417,5.67102251249849,-0.268835165578592,0.203199092779414
"40",40,"cdpt.us_1","cdpt.us",1,87.9606,12,1.72234897181699,4.09667584735873,55.5271594411239,0.631273086371898,35,2.08811442636905,4.58806191920299,4.26178913454317,23,2.91666666666667,0.245883875624084,0.278303478845187,55.5271594411239,90.9036701390264,0.626880386515159,0.373119613484841,-0.460016726590991,4.4768889869457,-0.985856231161005,0.814132080915475
"41",41,"cdpt.us_2","cdpt.us",2,176.2173,14,1.80264326369678,4.03819621025742,86.1962002695014,0.489147207847932,36,2.38236195774254,5.8652370701551,4.18835572698187,22,2.57142857142857,0.364238996081989,0.320266610354799,86.1962002695014,207.629814105741,0.827655744294942,0.172344255705058,-0.715091796266447,5.17171789256431,-1.75826131581718,0.747302296473531
"42",42,"cdpt.us_3","cdpt.us",3,162.5148,12.5,1.54022676638454,3.0520091246735,93.7318065994676,0.57675858813762,30,1.86119782251105,3.35445507002953,3.12789582666309,17.5,2.4,0.217078051634188,0.266362450344788,93.7318065994676,157.982516715822,0.647989255695101,0.352010744304899,-0.550331491466758,5.09076907454562,-1.04409358025641,0.507140868908271
"43",43,"cdpt.us_4","cdpt.us",4,73.7226,9.8,1.41028608669768,2.76953767688558,34.0968458013348,0.462501943791114,26,1.66764822273762,2.83710358067846,2.83068495082005,16.2,2.6530612244898,0.18733143392389,0.246634524621542,34.0968458013348,61.6568564534709,0.694180162083892,0.305819837916108,-0.771104519246892,4.30030940076353,-1.18475911539996,0.33347831406113
"44",44,"cdpt.us_5","cdpt.us",5,75.789,9.5,1.52941703622496,3.50151633200091,25.8465556699534,0.341033074324155,29,1.9621854451032,4.29154010133279,3.61619680988,19.5,3.05263157894737,0.26142449768167,0.311025072520597,25.8465556699534,69.8615493070298,0.863123488372709,0.136876511627291,-1.07577581424911,4.32795316338407,-1.98867613462,0.509012412979527
"45",45,"cdpt.us_6","cdpt.us",6,146.1285,14.6,1.9597190491949,5.10855471214577,72.8437195405342,0.498490845663469,41,2.57339363286098,7.82542829068228,5.36551395372338,26.4,2.80821917808219,0.35444480815609,0.312080189564872,72.8437195405342,184.082749844608,0.843412157365624,0.156587842634376,-0.696170053513216,4.98448637160119,-1.85413813168058,0.746852747318424
"46",46,"chilcas.ar_1","chilcas.ar",1,457.5,15.4,1.55353631594359,3.5745632394768,75.408148690237,0.164826554514179,44,2.06027026653985,3.5520852584242,3.68088450695689,28.6,2.85714285714286,0.281934136108532,0.302378437658529,75.408148690237,408.171201654845,0.965868778006021,0.0341312219939792,-1.8028615427263,6.12577688471558,-3.37754271260312,0.309451552143653
"47",47,"chilcas.ar_2","chilcas.ar",2,374.2,9.7,1.29852511478368,3.88490469126822,145.426040767578,0.388631856674447,36,2.01424247658033,3.43037694206465,4.06304185991418,26.3,3.71134020618557,0.348373375007526,0.410959724245558,145.426040767578,455.250968263271,0.897957144091391,0.102042855908609,-0.945122767337962,5.92479041383999,-2.28236239797191,0.269577581771267
"48",48,"chilcas.ar_3","chilcas.ar",3,434.95,11.8,1.76380360805424,5.07259374258168,168.974102223454,0.388490866130484,37,2.54476049777109,8.06520588115505,5.32620858607076,25.2,3.13559322033898,0.431532585721458,0.356046487389213,168.974102223454,650.622886368716,0.93255005135424,0.0674499486457596,-0.945485620054459,6.07523108195355,-2.6963694576962,0.238683691764772
"49",49,"derr.au_1","derr.au",1,140.75,5.6,0.38424767421886,1.19336941554561,50.6492568772951,0.359852624350231,15,0.422749848274297,1.17656397791168,1.20096417064122,9.4,2.67857142857143,0.0791302062477965,0.102369853561605,50.6492568772951,60.4880151042949,0.298855569483183,0.701144430516817,-1.02206070815445,4.9469852670198,-0.355041378195777,0.331019945439755
"50",50,"derr.au_2","derr.au",2,100.75,5.8,0.44773029914374,1.29509839009154,21.7642035359798,0.216021871324862,13,0.594651542466874,1.29500990410977,1.30664056916998,7.2,2.24137931034483,0.118952186387883,0.121127084776391,21.7642035359798,45.232640183519,0.768483642057548,0.231516357942452,-1.53237562029041,4.61264220082679,-1.46310474729365,0.253001471151888
"51",51,"derr.au_3","derr.au",3,128,5.7,0.430547293072365,1.25462445631424,26.3997053855615,0.206247698324699,13,0.503333578236288,1.236043501531,1.26454917759811,7.3,2.28070175438596,0.0699994797414702,0.126850706131655,26.3997053855615,43.8893735074722,0.638190973689209,0.361809026310791,-1.57867741346744,4.85203026391962,-1.01663875798833,0.201851706452541
"52",52,"ethass.au_1","ethass.au",1,36.5415555555556,1.2,0.123384393695983,1.15059609589938,47.2781071271659,1.29381758407321,10,1.36463037761572,3.16195363955179,1.99531284635379,8.8,8.33333333333333,0.490793353620235,0.400628219958882,47.2781071271659,90.4259025028869,0.726640320358434,0.273359679641566,0.257597215564307,3.59845012135067,-1.2969668431045,0.755293398329883
"53",53,"ethass.au_2","ethass.au",2,51.0798,1.33333333333333,0.121167833748414,1.13487813286095,59.0153088910929,1.15535512846747,9,1.41306500807751,3.26451015932972,1.99221239865933,7.66666666666667,6.75,0.44370366498542,0.29654719129745,59.0153088910929,79.0601851479141,0.442796654800222,0.557203345199778,0.144407767248989,3.93338911572989,-0.584825033505532,0.895911198944661
"54",54,"ethass.au_3","ethass.au",3,60.3341,1.55555555555556,0.167663448511386,1.15285666868666,79.6130771397234,1.3195369971496,10,1.32770462413945,3.1301724003461,2.18447216532936,8.44444444444444,6.42857142857143,0.344848990612938,0.250111391230425,79.6130771397234,109.928069667068,0.475492603633833,0.524507396366167,0.27728091533254,4.0998974496993,-0.645295749498469,0.927435863062554
"55",55,"frue.ch_1","frue.ch",1,648.32,13.9,2.16830156369312,7.22072113902387,166.664033645868,0.257070634325438,27,2.41999593267071,9.02621967170772,7.51753408483589,13.1,1.94244604316547,0.235470345698786,0.105721604027466,166.664033645868,472.45519994248,0.875559281362195,0.124440718637805,-1.35840439011576,6.47438440162026,-2.08392583199505,0.503693278475199
"56",56,"frue.ch_2","frue.ch",2,578.45,15,2.27087251074426,7.57626764761593,176.854514911111,0.305738637585117,26,2.57095989400246,9.3068467622724,7.91577035562872,11,1.73333333333333,0.230006148447079,0.150929260333459,176.854514911111,419.488793199946,0.822257380313784,0.177742619686216,-1.18502466754164,6.3603521124749,-1.72741873191345,0.39306205863407
"57",57,"frue.ch_3","frue.ch",3,623.805,13.6,2.25398094502997,7.92331973760284,131.841309177191,0.211350196258752,26,2.57602397662682,10.3619721185062,8.25190791451034,12.4,1.91176470588235,0.24730193824308,0.149974094147393,131.841309177191,485.548660235221,0.92627114429789,0.0737288557021102,-1.55423882337383,6.43583781953113,-2.60736102721345,0.785297122821701
"58",58,"gilb.za_1","gilb.za",1,264.69,23.1,2.280521208008,6.24957033854549,64.4998268731527,0.243680633469918,56,2.62540204535069,7.37280353470568,6.65100447730353,32.9,2.42424242424242,0.26793042587774,0.242478572921835,64.4998268731527,202.207661617539,0.898252936495475,0.101747063504525,-1.41189679024117,5.57855932990212,-2.28526531498227,0.478128000966719
"59",59,"gilb.za_2","gilb.za",2,286.6,23.2,2.42120224558755,7.69608533794019,40.806998310475,0.142383106456647,52,2.80257963516017,10.4764815636943,8.20783788682936,28.8,2.24137931034483,0.266287592102328,0.200731605096515,40.806998310475,223.183255235805,0.966569252707748,0.0334307472922518,-1.94923392147554,5.65808751539407,-3.39827922485885,0
"60",60,"glac.us_1","glac.us",1,181.37697,6.3,1.37672481253652,3.6076950083151,36.6721040307449,0.202187212801851,16,1.91304704723515,4.79290863727765,4.03377607677873,9.7,2.53968253968254,0.368652038893506,0.275252446895772,36.6721040307449,200.03800563212,0.966391693911749,0.0336083060882512,-1.59856121474245,5.20057757262021,-3.39298203755562,0.420636628175009
"61",61,"glac.us_2","glac.us",2,170.2714,7.6,1.46789672181073,3.58712780127549,45.7571502175647,0.268730686524952,16,1.98133328540275,5.32209964746414,3.96781495710043,8.4,2.10526315789474,0.38854613091817,0.195777140690487,45.7571502175647,190.307140442198,0.942189360995426,0.0578106390045743,-1.31404556621582,5.13739363463402,-2.85058245441875,0.471519998044455
"62",62,"glac.us_3","glac.us",3,142.357585,6.2,1.26188555756163,3.34428377410814,60.2874868587497,0.423493323933176,17,1.85777607954889,3.73664795752841,4.00688479692256,10.8,2.74193548387097,0.457939679324251,0.30878643916021,60.2874868587497,203.470834850359,0.912208993829941,0.0877910061700591,-0.859217529044562,4.95834209646326,-2.43279621900867,0.68080977213125
"63",63,"hall.us_1","hall.us",1,333.8,8.4,1.45944977587448,3.27013630853704,174.77401281528,0.523589013826482,17,1.694044398096,3.86575482829286,3.35249213511384,8.6,2.02380952380952,0.243626501275839,0.173975282459069,174.77401281528,311.9614859962,0.686128592626185,0.313871407373815,-0.647048227163305,5.81054201122774,-1.1587719076111,0.213657926746078
"64",64,"hall.us_2","hall.us",2,502.4,7.3,1.38081655213624,3.21459561145918,346.184343955645,0.689061194179229,17,1.62864887728838,3.71776684862774,3.29811999150413,9.7,2.32876712328767,0.228926550011719,0.158166094280839,346.184343955645,519.927524193101,0.556667848517347,0.443332151482653,-0.37242519597736,6.21939661515399,-0.813436012266603,0.285757305086641
"65",65,"hall.us_3","hall.us",3,487.1,7.8,1.57124443314124,4.03168651714322,379.736882591091,0.779587112689573,18,1.89591771942197,4.69724703559721,4.19766904646213,10.2,2.30769230769231,0.269923860017736,0.197511147078649,379.736882591091,488.881838067463,0.396666063307932,0.603333936692068,-0.248990842155486,6.1884694408125,-0.505284443348774,0.307315745087528
"66",66,"hart.us_1","hart.us",1,226.965,10.2,1.56816935138285,3.39850863026593,292.149471874701,1.28720054578768,22,1.94674524770981,4.80437243704244,3.93225743902496,11.8,2.15686274509804,0.391224799171567,0.215129474230675,292.149471874701,368.46330501499,0.371331464717335,0.628668535282665,0.252469740707507,5.42479582057164,-0.464151132113438,0.547110982625894
"67",67,"hart.us_2","hart.us",2,133.58,10.3,1.66269459955802,3.89248349065171,55.5912073383312,0.416164151357473,25,2.07740145658731,5.14648536270158,4.6398182603175,14.7,2.42718446601942,0.39104310217553,0.276648857821121,55.5912073383312,155.024271723219,0.871408336991072,0.128591663008928,-0.876675501943542,4.89470054929749,-2.05111329813758,0.67508238113252
"68",68,"hart.us_3","hart.us",3,166.595,13.8,1.95182681186007,4.93014071314464,82.2872895882334,0.493936130065328,28,2.25690499378348,6.10720492293667,6.0056150517845,14.2,2.02898550724638,0.376293824580872,0.166090166020992,82.2872895882334,181.267103944972,0.793923949313748,0.206076050686252,-0.705349061518796,5.11556571727757,-1.57951000023342,0.509679193768883
"69",69,"hnvr.us_1","hnvr.us",1,420.945,10,1.66442082667955,4.37372190790787,63.9926621227431,0.152021433020331,27,2.3604938265391,7.4771605447792,4.67376677637556,17,2.7,0.390240893343084,0.30856822090228,63.9926621227431,532.155777729819,0.985539517264544,0.0144604827354559,-1.88373376136367,6.04250218381789,-4.23633567861402,0.313829662219303
"70",70,"hnvr.us_2","hnvr.us",2,515.3,11.9,1.90559800078178,5.10434836152407,168.285479996873,0.326577682897094,29,2.35628357899303,7.49410036132476,5.4750165116228,17.1,2.43697478991597,0.317479547956262,0.228068543095012,168.285479996873,541.454615834747,0.903401769533651,0.0965982304663492,-1.11908743238767,6.24474925533418,-2.33719485608518,0.374186373909459
"71",71,"hnvr.us_3","hnvr.us",3,390.495,9.3,1.72516789382524,4.45646767230047,82.2041748399138,0.210512746232125,22,2.15387612630383,6.29326532800318,4.74575074660156,12.7,2.36559139784946,0.299594259574735,0.225252159354851,82.2041748399138,377.712914748203,0.952634286949163,0.0473657130508369,-1.55820907552129,5.96741516510046,-3.04985666538525,0.282827691668943
"72",72,"jena.de_1","jena.de",1,168.038125,13.125,1.65318112571969,4.04147110681435,41.9997323067575,0.249941686190306,29,1.86875968870011,5.02210806667647,4.15369530202558,15.875,2.20952380952381,0.248736251451597,0.18171640821645,41.9997323067575,118.200973380734,0.873744316082392,0.126255683917608,-1.3865276435669,5.12419088818132,-2.06944619071052,0.634640759844078
"73",73,"jena.de_2","jena.de",2,173.7175,12.25,1.64054070992944,4.36166227131626,42.9371134002142,0.247166309670668,28,1.8271200485804,4.70108088254843,4.4865115912199,15.75,2.28571428571429,0.187688112863934,0.190139202782256,42.9371134002142,111.022653262442,0.850430692093986,0.149569307906014,-1.39769385042664,5.15743041658909,-1.89999539554623,1.08667492016706
"74",74,"jena.de_3","jena.de",3,121.441875,11.625,1.43097631662235,3.34602834012153,43.2135984663475,0.355837708091608,28,1.67477966399469,3.81784579793838,3.42348106277415,16.375,2.40860215053763,0.224268945268769,0.218125982725534,43.2135984663475,83.0774800902027,0.729433368751113,0.270566631248887,-1.0332805282204,4.79943575325145,-1.30723688478535,0.831710860654697
"75",75,"kbs.us_1","kbs.us",1,464.205,14.8,1.54190670292891,2.98702423621799,143.657730677236,0.309470450937056,37,2.54268691091398,8.52378099916138,3.19722161665942,22.2,2.5,0.499877120914122,0.265751837135589,143.657730677236,760.904559278191,0.964355081118945,0.0356449188810555,-1.17289266496285,6.14032626500163,-3.33414867016053,0.346499333707008
"76",76,"kbs.us_2","kbs.us",2,458.355,13,1.70515831747161,3.88846294207511,79.600214439968,0.173664985524251,35,2.41116949715536,7.47468122441022,4.116174577739,22,2.69230769230769,0.415556274508169,0.284120387948082,79.600214439968,529.283432008774,0.977382121009989,0.0226178789900112,-1.75062720622636,6.12764399304251,-3.78901457971041,0.32951184487443
"77",77,"kbs.us_3","kbs.us",3,638.36,11,1.4521693990774,3.42046395289358,127.461762893818,0.199670660589352,28,2.14769647773708,6.74896249088796,3.54111957870805,17,2.54545454545455,0.449485528664533,0.256772737953115,127.461762893818,830.070518474257,0.97642075674148,0.0235792432585199,-1.61108596678318,6.45890238753099,-3.74738847690189,0.148020277720062
"78",78,"kbs.us_4","kbs.us",4,487.795,9.7,1.28772204243939,2.81454408307706,93.1059505497784,0.190871063766087,30,2.02599640899923,6.07183750748643,2.88928914249772,20.3,3.09278350515464,0.448302634930212,0.307563563104426,93.1059505497784,633.553604132984,0.978403262733908,0.0215967372660916,-1.6561571377066,6.18989523562679,-3.83521302819736,0.223259256598641
"79",79,"kbs.us_5","kbs.us",5,502.975,8.9,1.18006145564818,2.63030284057009,182.081840954983,0.362009724051856,27,2.03583795891349,5.29549135118642,2.70169568462489,18.1,3.03370786516854,0.456409799367629,0.318092201181874,182.081840954983,776.685863350873,0.945040538301224,0.0549594616987758,-1.01608420549544,6.2205404670753,-2.90115942553421,0.280164255867257
"80",80,"kiny.au_1","kiny.au",1,153.25,14.7,1.43088136901719,3.07676556587297,38.2798539994894,0.249786975526847,41,1.79718054274379,3.47710932247703,3.16851319416501,26.3,2.7891156462585,0.253997334200772,0.310831030472,38.2798539994894,130.551044315944,0.914023483486552,0.0859765165134477,-1.38714682225427,5.03207057481632,-2.45368108381446,0.542972237366738
"81",81,"kiny.au_2","kiny.au",2,148.5,15.6,1.5585568062767,3.43154223429491,41.6199738373563,0.280269184089941,35,1.90053056025477,4.07733884376509,3.56079575514818,19.4,2.24358974358974,0.267973287694683,0.269034688432685,41.6199738373563,129.592226066813,0.896855587685593,0.103144412314407,-1.27200476588495,5.00058495824275,-2.27162521141778,0.385287552883699
"82",82,"kiny.au_3","kiny.au",3,152.75,14.1,1.37036961982717,2.67066700392112,51.5111908013955,0.337225471694897,29,1.73555772974852,3.17538412865805,2.75834218608568,14.9,2.05673758865248,0.285878857267746,0.260748920961098,51.5111908013955,138.902027980863,0.862473621623758,0.137526378376242,-1.08700351687314,5.0288025980517,-1.98393953753867,0.70570125279489
"83",83,"koffler.ca_1","koffler.ca",1,688.8375,8.5,1.53698832780206,3.18641233501499,190.270943328192,0.276220361592091,21,1.71976849021717,3.31229544786849,3.22386287595795,12.5,2.47058823529412,0.12393894883576,0.150545366635801,190.270943328192,374.285291772633,0.741572086863872,0.258427913136128,-1.2865563202604,6.53500539414029,-1.35313848993512,0.215370503335885
"84",84,"koffler.ca_2","koffler.ca",2,617.5875,7.83333333333333,1.18580157034041,2.35796938302441,142.098364018796,0.230086204819229,17,1.39255520861472,2.66158455474732,2.39683679171672,9.16666666666667,2.17021276595745,0.241161378867168,0.183902941000204,142.098364018796,479.681837961319,0.912245053582503,0.0877549464174966,-1.46930123671838,6.42582075886844,-2.4332070487947,0.229464052851556
"85",85,"koffler.ca_3","koffler.ca",3,603.145833333333,8.41666666666667,1.11964158576291,2.05083485071555,201.953621429113,0.334833816745446,21,1.31146819175744,2.12267501448279,2.10559798300723,12.5833333333333,2.4950495049505,0.0911595683811609,0.205520314353122,201.953621429113,329.853778457018,0.625147540982772,0.374852459017228,-1.09412093965679,6.40215901381101,-0.981222773051306,0.236424155200284
"86",86,"lake.us_1","lake.us",1,359.95,10.375,1.48976727636739,3.27912385125913,156.340146566937,0.434338509701173,30,1.77313348751271,3.73343433155106,3.33229024087856,19.625,2.89156626506024,0.234589122522631,0.304129846689972,156.340146566937,315.153803297406,0.753908890461219,0.246091109538781,-0.833931072635162,5.88596513291531,-1.4020534476388,0.211640391668337
"87",87,"lake.us_2","lake.us",2,292.36875,10.125,1.59918147194626,3.61071399845404,105.393514091238,0.36048146079647,33,2.42649759155975,6.69505191187642,3.72378657254505,22.875,3.25925925925926,0.441903343541818,0.393866382100172,105.393514091238,404.358265391596,0.932064758936784,0.0679352410632156,-1.02031474994159,5.67801584801917,-2.68920036487297,0.636252075430255
"88",88,"lake.us_3","lake.us",3,794.8125,11.125,1.69407790818695,4.01711890273511,147.031077254339,0.184988380598366,31,2.22350287901698,6.11355705120306,4.08774340727533,19.875,2.78651685393258,0.344401648360012,0.297552186472439,147.031077254339,838.489731751914,0.969251581648457,0.0307484183515426,-1.68746226345269,6.67810623778097,-3.48191672177466,0.311073406440525
"89",89,"lead.us_1","lead.us",1,537.45,4.9,1.13566906935388,2.76059894365342,150.289064065812,0.279633573478114,13,1.4272201582276,3.32483858004019,2.80723735198309,8.1,2.6530612244898,0.229544035816198,0.183931787171805,150.289064065812,396.981984733338,0.856677900195898,0.143322099804102,-1.27427519901384,6.28683573241907,-1.94266073549375,0.693642888520145
"90",90,"lead.us_2","lead.us",2,460.65,4.8,1.06545103768931,2.59050098224593,85.4468808350805,0.185491980538544,11,1.25445360236654,2.76423991903413,2.63196435881705,6.2,2.29166666666667,0.177586301557911,0.182160043406766,85.4468808350805,249.451756237074,0.882667237516774,0.117332762483226,-1.6847436294673,6.13263853555494,-2.14274125726377,0.813062787992874
"91",91,"lead.us_3","lead.us",3,404.075,3.4,0.723656600411878,1.88864242288276,80.3829419784516,0.198930747951374,10,0.868697483097138,2.04864570345668,1.90693164746878,6.6,2.94117647058824,0.174362673127448,0.17319208564725,80.3829419784516,212.612304991472,0.857060913388051,0.142939086611949,-1.61479851506813,6.00160050429587,-1.94533670722087,0.566122189758711
"92",92,"look.us_1","look.us",1,81.889999,6.8,1.40439662141434,3.59344911826716,37.8030760069719,0.461632390628945,19,1.85998821370392,4.41791050390926,3.7313295716822,12.2,2.79411764705882,0.330159353820306,0.275439730136579,37.8030760069719,82.8848451805497,0.791980514559039,0.208019485440961,-0.772986395910069,4.40537687107059,-1.5701235236639,0.835284166273228
"93",93,"look.us_2","look.us",2,89.7450015,7.9,1.53272985625455,3.74749635165888,59.5188198491779,0.663199274103059,19,2.06147816570887,6.12442917367254,3.86538757223953,11.1,2.40506329113924,0.371807494482829,0.264281393576109,59.5188198491779,112.743372687038,0.721306668126376,0.278693331873624,-0.410679769698655,4.49697233222413,-1.27764327060169,0.676708345963188
"94",94,"look.us_3","look.us",3,122.745002,8.3,1.4675982637937,3.71172856698934,109.518466962172,0.892243799565643,23,1.93744749045737,4.5502444416304,3.89100351573462,14.7,2.7710843373494,0.361744813745328,0.271278582256548,109.518466962172,161.01370179712,0.53735375434903,0.46264624565097,-0.114015865847957,4.8101090489414,-0.770792565199587,0.885920146267195
"95",95,"nilla.au_1","nilla.au",1,165.17165,10.5,1.61872526063997,4.02796722352888,45.0854978186815,0.272961478671924,22,2.08274792068105,6.39977935996178,4.28113306130235,11.5,2.0952380952381,0.304796776630582,0.138801521403322,45.0854978186815,159.158117237366,0.919755337885629,0.0802446621143714,-1.2984245975191,5.10698523619068,-2.52267503489305,0.231395287693616
"96",96,"nilla.au_2","nilla.au",2,133.5286,9.3,1.37833087589181,3.18554202795783,27.1637518679663,0.203430215459207,20,1.93419122819072,4.8868574303858,3.38640335219192,10.7,2.1505376344086,0.333692693210188,0.169281109360905,27.1637518679663,137.482710068243,0.960962379251882,0.0390376207481183,-1.59243225448691,4.8943156871056,-3.24322946324629,0.330250148062802
"97",97,"nilla.au_3","nilla.au",3,152.0214,9.6,1.41457587877146,3.27125913105436,66.953948528406,0.440424496343318,21,1.9787800534465,5.64199252518929,3.46764426888967,11.4,2.1875,0.354958168872962,0.182154381852075,66.953948528406,155.008192676393,0.813429453807786,0.186570546192214,-0.820016252739281,5.02402130041005,-1.67894584765675,0.245959614625902
"98",98,"pich.ec_1","pich.ec",1,1047.94,19.8,2.21680307141131,6.52444417209662,318.849763298572,0.304263377004955,50,2.79077143246961,8.47504465302316,6.98456536860348,30.2,2.52525252525253,0.345100492966557,0.285477284845804,318.849763298572,1203.40376073358,0.929798002570313,0.0702019974296875,-1.18986158093245,6.95458161133364,-2.65637851494081,0.784935945609242
"99",99,"pich.ec_2","pich.ec",2,955.765,18.6,2.12059025534812,6.05535514899458,357.498879601974,0.374044749077413,44,2.61103292130538,7.30936110256963,6.36199558167358,25.4,2.36559139784946,0.339235578585946,0.278043613700496,357.498879601974,1015.09181272689,0.875966579589298,0.124033420410702,-0.98337983878548,6.86251206693414,-2.0872042302498,0.609275780582939
"100",100,"pich.ec_3","pich.ec",3,1108.25,20.8,1.82661104133498,3.70633231613823,208.060913890353,0.187738248491183,51,2.37531839889573,4.85155255802238,3.81459127162399,30.2,2.45192307692308,0.362105347138934,0.314558563288481,208.060913890353,1156.7360010767,0.967647153377751,0.032352846622249,-1.67270658155549,7.01053747362516,-3.43105326740114,0.868628714636854
"101",101,"ping.au_1","ping.au",1,180.7293,8,1.44980720358138,3.40221609702277,35.2695259294605,0.195151123417512,15,1.74588525677795,4.24737632951298,3.52577472444582,7,1.875,0.273739684058636,0.10944226498323,35.2695259294605,142.559494116314,0.938792174154739,0.0612078258452613,-1.63398102868486,5.19700033165906,-2.79348022435037,0.408599569863862
"102",102,"ping.au_2","ping.au",2,233.4333,7.1,1.25097452188379,2.86639127624886,29.1808673317524,0.125007303292857,14,1.61819016980018,3.98693696653307,2.93678287737821,6.9,1.97183098591549,0.270415072700909,0.129372106114327,29.1808673317524,185.437909285506,0.975237222933349,0.0247627770666512,-2.07938311704374,5.45289638319741,-3.69841367805889,0.410155140973471
"103",103,"ping.au_3","ping.au",3,266.28405,9.7,1.51963936831693,3.61121437776648,139.941635619292,0.525535178014952,21,1.87367365540412,4.58999602666549,3.74606310202733,11.3,2.16494845360825,0.284778869397464,0.118712578363793,139.941635619292,311.840750458329,0.798614518685933,0.201385481314067,-0.643338148917156,5.58456359617069,-1.60253439010421,0.707086269166153
"104",104,"pinj.au_1","pinj.au",1,1346.2,3.5,0.224127402977526,1.1646005785422,664.112364990544,0.493323700037546,14,0.913194128122544,2.18968765896442,1.29321798266299,10.5,4,0.386458543234955,0.254507797941134,664.112364990544,1475.24197225873,0.797345331624415,0.202654668375585,-0.706589728033661,7.20504108757661,-1.59625188953075,0.857600506633269
"105",105,"pinj.au_2","pinj.au",2,454.15,5.7,0.97213190320094,2.38253698275344,134.242742406764,0.295591197636826,20,1.73820136561274,3.67013874606464,2.58748650864992,14.3,3.50877192982456,0.372040656626472,0.309712314156929,134.242742406764,570.100626014741,0.94455293077444,0.0554470692255598,-1.21877786830537,6.11842753994822,-2.89232642094582,0.928886076265425
"106",106,"pinj.au_3","pinj.au",3,544.55,6.3,1.13942015543775,2.86443290227998,177.10597110205,0.325233626117068,21,1.69733937451562,3.74507312959627,2.94516754525878,14.7,3.33333333333333,0.346884011641356,0.315559892210406,177.10597110205,613.476171609196,0.916656639098102,0.083343360901898,-1.12321150531003,6.2999597655217,-2.4847863262044,0.64977523985224
"107",107,"potrok.ar_1","potrok.ar",1,70.83,12.7,1.67297529242814,3.69078910336185,22.48519512924,0.317452987847523,32,2.07424055164666,4.71576965206582,3.92301387692453,19.3,2.51968503937008,0.322690166273443,0.234003732647737,22.48519512924,71.0936394122737,0.899969641029853,0.100030358970147,-1.14742554138438,4.26028263976553,-2.3022815493666,0.409129009854431
"108",108,"potrok.ar_2","potrok.ar",2,61.415,14.3,1.97270977860201,5.24102394646127,17.3007072752019,0.281701657171731,26,2.27562039309996,6.70870647570399,5.56172394748644,11.7,1.81818181818182,0.254887352092515,0.173782518351543,17.3007072752019,48.0164224131129,0.87017805286298,0.12982194713702,-1.26690672136337,4.11765410499106,-2.04159140474472,0.228620640078556
"109",109,"potrok.ar_3","potrok.ar",3,92.72,11.7,1.70430573817857,4.2519031542792,26.9688215043471,0.290863044697445,26,1.89161535337386,4.59776346113556,4.45288864247564,14.3,2.22222222222222,0.200391820563886,0.194825554393629,26.9688215043471,59.2743417595087,0.792990413407147,0.207009586592853,-1.23490275937343,4.5295841990315,-1.57499017474637,0.28157028079086
"110",110,"saana.fi_1","saana.fi",1,200.164,23.9,2.53878111768686,9.49322781405282,42.7385459509329,0.21351764528553,53,3.02632050426543,13.2017944541311,10.2534764226246,29.1,2.21757322175732,0.335096789315205,0.269415716364155,42.7385459509329,193.695115021664,0.951314218113507,0.0486857818864934,-1.54403580202119,5.29913703053171,-3.0223682445696,1.41667561839065
"111",111,"saana.fi_2","saana.fi",2,193.523,24.6,2.45058148249774,8.64371181861451,21.2875589905883,0.110000149804356,53,2.75696867371789,10.3766706046858,9.28235554338735,28.4,2.15447154471545,0.277377671310278,0.215112704877745,21.2875589905883,146.279368232779,0.978821969133998,0.0211780308660017,-2.20727355133287,5.26539636845528,-3.85479091451901,0.907044796239505
"112",112,"saana.fi_3","saana.fi",3,311.9085,25.6,2.42866567609769,8.07818263568358,76.7080132004908,0.245931140704696,60,2.80699588187893,9.80955941620035,8.45699209367165,34.4,2.34375,0.27462151173601,0.279448353231377,76.7080132004908,250.771008417989,0.906432114342132,0.093567885657868,-1.40270369806809,5.74270987556688,-2.36906805631738,2.68238573109387
"113",113,"sage.us_1","sage.us",1,115.17,9,1.49012652273552,3.97113701442027,35.9468141070171,0.312119598046515,21,2.06174797801905,5.1850865400402,4.30556990998408,12,2.33333333333333,0.433489285371076,0.240548718036889,35.9468141070171,146.739039289787,0.93998919275462,0.0600108072453802,-1.16436883755154,4.74640929768082,-2.81323061222349,0.849321980398004
"114",114,"sage.us_2","sage.us",2,81.01,10.3,1.51360051216379,3.82407050010183,52.0081393202598,0.64199653524577,19,2.12033384778997,6.2417521275835,4.22674252642582,8.7,1.84466019417476,0.431523556185998,0.175302783953676,52.0081393202598,116.801378045234,0.80173470549359,0.19826529450641,-0.443172372120181,4.3945726038424,-1.61814927386959,0.485412027032946
"115",115,"sage.us_3","sage.us",3,167.185,13.4,1.86580082770786,5.13697418954376,33.6629374997357,0.201351422075758,28,2.24054945463667,7.78381833071225,5.39172977768421,14.6,2.08955223880597,0.320470724196624,0.166615683887626,33.6629374997357,143.677781063735,0.945106010221718,0.054893989778282,-1.60270352900408,5.1191009837075,-2.90235141226499,0.849264530646582
"116",116,"sedg.us_1","sedg.us",1,181.549999,6.9,1.17897106343987,2.68492592226216,75.0741643472936,0.413517845005847,15,1.69284874651437,4.51873270197404,2.73416766197465,8.1,2.17391304347826,0.371930240317828,0.217903845943321,75.0741643472936,231.287783438167,0.894640033127517,0.105359966872483,-0.883054609449955,5.20153109235222,-2.2503725359693,0.562509534268692
"117",117,"sedg.us_2","sedg.us",2,187.82,5.4,0.999347248769534,2.49450797797022,46.7929003250852,0.249136941353877,15,1.62247786279181,3.7275066571657,2.54380574311889,9.6,2.77777777777778,0.407782264290664,0.207210194755319,46.7929003250852,222.333446656466,0.955705446529212,0.0442945534707884,-1.38975256841629,5.23548405737647,-3.11689355597292,0.510978970501001
"118",118,"sedg.us_3","sedg.us",3,222.6749985,6.4,1.27555431784408,2.97057763037261,67.5938472826652,0.303553823904776,17,1.92856662255789,5.43387071201429,3.04304821101068,10.6,2.65625,0.420746910287916,0.252748557463006,67.5938472826652,277.851105288364,0.940817940421899,0.0591820595781011,-1.19219634020362,5.40571330258166,-2.82713683068761,0.467788080102328
"119",119,"sereng.tz_1","sereng.tz",1,256.35,13.5,1.95117196942175,5.53444753332598,39.6723035210544,0.154758351944819,32,2.33197702434917,8.03636382783334,6.0098002746754,18.5,2.37037037037037,0.302979905987945,0.217085441677416,39.6723035210544,218.176034749053,0.96693559231702,0.0330644076829802,-1.86589039830953,5.54654369822971,-3.40929787173197,0.47553924658075
"120",120,"sereng.tz_2","sereng.tz",2,281.85,12.5,1.87342104240621,5.18313131358,86.7592614332582,0.307820689846579,30,2.20160712504835,6.85003724302314,5.57414287567151,17.5,2.4,0.282579744566964,0.219125067956,86.7592614332582,237.920067551112,0.867025139435513,0.132974860564487,-1.1782378413615,5.64137501452758,-2.01759518693872,0.561915805483688
"121",121,"sereng.tz_3","sereng.tz",3,385.95,11.9,1.62155154605605,3.95142641294262,158.961289837075,0.411870164106945,33,1.98675046679343,5.43218396749683,4.20323430579161,21.1,2.77310924369748,0.336823600476741,0.24078589399656,158.961289837075,396.153185171625,0.838988664641469,0.161011335358531,-0.887047114961044,5.95570782739586,-1.82628051052245,0.699734697151592
"122",122,"sevi.us_1","sevi.us",1,91.17375,6.375,0.933987626635022,2.34064900382717,23.2357784077548,0.254851625690013,16,1.29772627878308,2.2538896142348,2.47315940502515,9.625,2.50980392156863,0.29307556279633,0.27339697073416,23.2357784077548,77.7977993114003,0.910796924528514,0.0892030754714862,-1.36707376320912,4.51276702670222,-2.41683976161065,0.354904714107702
"123",123,"sevi.us_2","sevi.us",2,93.4175,8.625,0.995010181682984,2.04939986768883,15.8178576750637,0.169324352236612,24,1.31450773260545,2.21898813092912,2.10902468469657,15.375,2.78260869565217,0.213573121160943,0.23449986172246,15.8178576750637,61.9343552269677,0.934772296901694,0.0652277030983061,-1.77593915945109,4.53707869385097,-2.72987100614569,0.27393964009336
"124",124,"sevi.us_3","sevi.us",3,124.27375,8.625,0.886646840221345,1.91215607438678,84.8563259595721,0.682817778972406,24,1.33010211991171,2.19665189139503,1.96698977240083,15.375,2.78260869565217,0.23251706169761,0.305398105926345,84.8563259595721,118.387402918262,0.48624334423358,0.51375665576642,-0.381527250069844,4.82248679359179,-0.666005557992507,0.267992486540533
"125",125,"sevi.us_4","sevi.us",4,87.15125,8.625,1.158066166691,2.51235974293746,43.267813982055,0.496468082581202,26,1.56591876221811,2.60342922629908,2.65521726377754,17.375,3.01449275362319,0.293203801824167,0.281768513443009,43.267813982055,87.7805543844498,0.757040844612542,0.242959155387458,-0.700236082394684,4.4676451149498,-1.4148619345947,0.260734939935651
"126",126,"sevi.us_5","sevi.us",5,80.90625,9,1.21451354979039,2.6115907810968,41.8439628475329,0.517190734307089,23,1.67106310388478,2.8393639113106,2.7754966421485,14,2.55555555555556,0.330566443805215,0.265882452379845,41.8439628475329,80.3220485057512,0.728608611131058,0.271391388868942,-0.659343547351082,4.39329107695181,-1.30419326064426,0.289451407627486
"127",127,"shps.us_1","shps.us",1,108.03,17.3,2.25381210830159,6.79644000888971,52.9219561660795,0.489882034306022,44,2.73923000341545,7.93974162961301,8.34411618771492,26.7,2.54335260115607,0.362218311062514,0.253466611016266,52.9219561660795,133.509862313786,0.842875075712959,0.157124924287041,-0.713590663175752,4.68240896632889,-1.85071409393634,0.601401481149882
"128",128,"shps.us_2","shps.us",2,62.39,14.6,2.15540804113886,6.03745562106681,25.6729624313206,0.411491624159651,37,2.67062876136986,8.7241169986741,7.59310577125162,22.4,2.53424657534247,0.354990642346493,0.271813977155749,25.6729624313206,74.1207059759991,0.880029939961188,0.119970060038812,-0.887966613483707,4.1334050061227,-2.12051306700688,0.421212776700977
"129",129,"shps.us_3","shps.us",3,80.61,14.3,1.93396717981837,4.7252352743083,37.7023267775935,0.467712774811977,32,2.20131221192297,4.85405352820331,5.5539082870776,17.7,2.23776223776224,0.285567976461178,0.233337899611188,37.7023267775935,77.8102182240238,0.765218950365088,0.234781049634912,-0.759900900507482,4.38962271129551,-1.44910190282486,0.477133128153323
"130",130,"shps.us_4","shps.us",4,146.44,14.8,1.90911035610793,4.36108105651893,59.7962131837051,0.408332512863324,36,2.16620639146219,3.88228938050781,4.88377894459957,21.2,2.43243243243243,0.255311598005302,0.241401229597517,59.7962131837051,123.910127201392,0.767119160770677,0.232880839229323,-0.895673453987747,4.98661578825204,-1.45722837585269,0.744741893544013
"131",131,"sier.us_1","sier.us",1,214.7500005,6.9,1.14289948465104,2.45541707727805,85.7433386505592,0.39927049336868,17,1.61970945299065,3.3591004813954,2.48473480839312,10.1,2.46376811594203,0.274818440609325,0.206703116208686,85.7433386505592,254.649644269346,0.886625696452219,0.113374303547781,-0.918116163539516,5.36947456319265,-2.17706051347392,0.278833287639564
"132",132,"sier.us_2","sier.us",2,185.8999995,10.4,1.41964958844738,3.15896771540559,71.2812070597076,0.383438446753237,28,1.80205213755138,3.52504995096619,3.22044952486526,17.6,2.69230769230769,0.289847096896649,0.290384785471238,71.2812070597076,166.926508988269,0.817652644668215,0.182347355331785,-0.958576174959857,5.22520889203778,-1.70184186508579,0.465626898121748
"133",133,"sier.us_3","sier.us",3,141.9249985,10.7,1.44595103148287,3.15387725189166,53.3211416427232,0.375699434252403,25,1.83676577303592,4.18618641806643,3.22235105374758,14.3,2.33644859813084,0.322780289838275,0.22860098049473,53.3211416427232,131.540451609055,0.835683860973886,0.164316139026114,-0.978965832252687,4.95529873848783,-1.80596302975446,0.295372677220638
"134",134,"smith.us_1","smith.us",1,379.907105,21.1,2.09957391043758,5.91115840542204,88.7825053736829,0.233695301312364,36,2.51671772428394,8.60425393719141,6.32159406353949,14.9,1.70616113744076,0.326156430666944,0.171313251578152,88.7825053736829,354.98742143691,0.937449776847448,0.0625502231525518,-1.4537371432776,5.93992676230877,-2.77178547448882,0.606912783644828
"135",135,"smith.us_2","smith.us",2,397.677685,22.5,2.25394203926804,7.18302043572419,61.9092027702311,0.155676833539783,39,2.73228193869075,10.914878826874,7.82438479258233,16.5,1.73333333333333,0.349357859434032,0.140578414925031,61.9092027702311,409.919526192483,0.977190634168506,0.0228093658314937,-1.85997300029534,5.98564184050615,-3.78058404528655,0.675113538034657
"136",136,"smith.us_3","smith.us",3,400.46909,22,2.32141625259343,7.56615540160055,73.6577553484575,0.183928690597463,37,2.82108581409806,11.0655174377544,8.3567346802424,15,1.68181818181818,0.370024849483348,0.156963928964243,73.6577553484575,433.3623700646,0.97111086326156,0.0288891367384396,-1.69320714759123,5.99263658500316,-3.54428964593211,0.769242753306153
"137",137,"spin.us_1","spin.us",1,441.4223,6.8,1.17979005352332,2.78448712823293,137.242770445538,0.31091036960647,13,1.4149049970025,3.39386785404775,2.84016405597702,6.2,1.91176470588235,0.241482608144904,0.140174667877867,137.242770445538,320.563507408157,0.816704927422628,0.183295072577372,-1.16825060896297,6.09000201361581,-1.69665800623609,0.257851356854106
"138",138,"spin.us_2","spin.us",2,454.1416,6.7,1.37106747781037,3.26353642434433,120.397495613673,0.265110035314257,13,1.57685193836288,3.93777652403718,3.34019245147114,6.3,1.94029850746269,0.229861347552069,0.135748833250179,120.397495613673,333.678534899643,0.869809778286353,0.130190221713647,-1.32761031157807,6.11840904368557,-2.03875865407369,0.278707092415577
"139",139,"spin.us_3","spin.us",3,509.7,7.6,1.38150104993322,3.16799453892313,223.758823538003,0.439001027149309,15,1.68338884767596,4.26248435314042,3.24007597193995,7.4,1.97368421052632,0.28496276135718,0.110182710189687,223.758823538003,509.706322532953,0.807282879279778,0.192717120720222,-0.823253526161846,6.233822317346,-1.64653186101013,0.28487265500583
"140",140,"summ.za_1","summ.za",1,327.75,32.3,2.77241576581807,10.5045887194214,95.9019319698803,0.292606962532053,79,3.36327261932221,16.4209861044603,11.0868036916236,46.7,2.44582043343653,0.35774593378795,0.260346656046978,95.9019319698803,365.040124743815,0.930980230572186,0.0690197694278143,-1.22892499528601,5.79225112264381,-2.67336230197543,0.255532507720194
"141",141,"summ.za_2","summ.za",2,283.9,29.6,2.70984996084136,9.63198255268147,65.6297696679385,0.231172136907145,69,3.13846140177192,12.4157533154745,10.1370421828836,39.4,2.33108108108108,0.297161645441287,0.224101475568696,65.6297696679385,254.361749803543,0.93342699629464,0.0665730037053604,-1.46459266455395,5.64862206347893,-2.70945613338158,0.343515939125549
"142",142,"summ.za_3","summ.za",3,327.6,29.2,2.72712110010568,10.7185424023713,65.5035198375714,0.199949694253881,65,3.19522142757392,14.7866701417286,11.4865364131393,35.8,2.22602739726027,0.33131363055181,0.231774860956954,65.5035198375714,324.109295980628,0.959154304069779,0.0408456959302207,-1.60968947280335,5.79179335197891,-3.19795382601247,0.361162336149917
"143",143,"temple.us_1","temple.us",1,733.0625,13.75,1.87212869199561,4.73310968119828,249.597166521806,0.340485520022926,35,2.43885006035661,7.19281414181606,4.80790254564133,21.25,2.54545454545455,0.344342733337566,0.285012111105097,249.597166521806,781.862419603852,0.89808957251339,0.10191042748661,-1.07738267992698,6.59723096428172,-2.28366101340389,0.168547890534012
"144",144,"temple.us_2","temple.us",2,737.45,15.4,2.20401498400975,7.52961195181503,192.335997959589,0.260812255691354,37,2.78658457371644,12.1639796821956,7.67730153368868,21.6,2.4025974025974,0.372472195325998,0.252416520145075,192.335997959589,822.085492947864,0.945262219774658,0.0547377802253424,-1.34395445735219,6.60319828930551,-2.90520112742781,0.355900861347949
"145",145,"temple.us_3","temple.us",3,1100.6875,17,2.22577382055425,7.08556721022324,301.951147597942,0.274329587278807,41,2.68807041472713,9.77911160520083,7.25284603293111,24,2.41176470588235,0.327564505245314,0.247066567063152,301.951147597942,1090.2731754739,0.923298701741889,0.0767012982581109,-1.29342502218619,7.0036902635553,-2.56783664431005,0.222084174957208
"146",146,"tyso.us_1","tyso.us",1,437.72,9.3,1.5848524448231,4.00298136460566,57.7359805012823,0.131901627755831,23,2.04949720187043,5.71598262899831,4.15651461388816,13.7,2.47311827956989,0.302843441209899,0.240121380081546,57.7359805012823,401.682978710487,0.979340194270698,0.0206598057293018,-2.02569887850233,6.08157943655024,-3.87956521856323,0.366388074465854
"147",147,"tyso.us_2","tyso.us",2,433.285,7.8,1.50043139417006,3.87432590452494,158.971858183908,0.366899057626984,20,2.11788705544324,6.65649346747706,4.02620669257471,12.2,2.56410256410256,0.346832442675789,0.254498256284761,158.971858183908,563.246815839624,0.920339503157266,0.0796604968427338,-1.00266851609794,6.0713957100991,-2.52998146420649,0.36318383746683
"148",148,"tyso.us_3","tyso.us",3,452.81,9.7,1.69119226625485,4.58657811438282,89.5733181998598,0.197816563679821,30,2.26361533657066,6.73288975650597,4.8150440748224,20.3,3.09278350515464,0.344699847906192,0.336829618970567,89.5733181998598,499.846269283144,0.967886738523585,0.0321132614764148,-1.62041512376551,6.11547261145076,-3.43848620405453,0.550864884890393
"149",149,"tyso.us_4","tyso.us",4,438.815,7.9,1.59999452426387,4.39701267434714,87.0358452656784,0.198342912766606,21,2.06464113824376,5.96255735186284,4.59708166390555,13.1,2.65822784810127,0.312156669341612,0.253551352221366,87.0358452656784,401.013310930448,0.952893729043531,0.0471062709564686,-1.61775786360745,6.08407791195537,-3.05534914549599,0.236996057588194
"150",150,"unc.us_1","unc.us",1,250.7595,10.3,1.29790244734475,2.86494927217281,119.145378178882,0.475138043339863,27,2.02225991101612,4.99743793860366,2.98245176104333,16.7,2.62135922330097,0.461693253158972,0.293773033964183,119.145378178882,340.404238358525,0.877491990781448,0.122508009218552,-0.744149899610992,5.52449431246535,-2.09957886975869,0.51377857657475
"151",151,"unc.us_2","unc.us",2,329.9855,10.3,1.42349774244706,3.10090999301667,169.136898324175,0.512558577041036,28,1.9348576368361,3.85299836648447,3.22354619122666,17.7,2.71844660194175,0.364356278692233,0.310009583344748,169.136898324175,382.187028496656,0.804149430656744,0.195850569343256,-0.668340277835504,5.79904871410122,-1.63040331183722,0.418961135898767
"152",152,"unc.us_3","unc.us",3,331.804,9.9,1.16241114633615,2.51962531178391,191.222338025661,0.576311129539308,34,1.46926724705968,2.29573794917446,2.60383275765496,24.1,3.43434343434343,0.266972235271344,0.36110668715703,191.222338025661,347.083339121932,0.696464344412107,0.303535655587893,-0.551107608667501,5.80454443313877,-1.19225619403901,0.32635228384074
"153",153,"valm.ch_1","valm.ch",1,384.9,23.4,2.58947058438756,9.36351114152756,123.206964539798,0.320101232891136,55,3.2148223961395,15.8148072085023,10.3548130916051,31.6,2.35042735042735,0.370481552363953,0.230499837479372,123.206964539798,453.868668480288,0.926309736595942,0.0736902634040578,-1.13911798043256,5.9529835602897,-2.60788459972111,0.909815221713768
"154",154,"valm.ch_2","valm.ch",2,290.45,23.8,2.56791596486495,8.51157290237362,117.941061080901,0.406063215978314,56,3.1421257478905,14.1136802520581,9.20108143471385,32.2,2.35294117647059,0.368006999535074,0.271291745552813,117.941061080901,339.513711183122,0.879325522895432,0.120674477104568,-0.90124642712099,5.67143144443854,-2.11465863053328,0.985825899128963
"155",155,"valm.ch_3","valm.ch",3,290.585,28.4,2.75566499110449,10.2016923285651,141.705083124542,0.487654500832947,72,3.5236920281587,20.8189735037984,11.3406794889341,43.6,2.53521126760563,0.433009626050759,0.304420985991763,141.705083124542,433.699901054291,0.893244019861813,0.106755980138187,-0.718148113968754,5.67189613246053,-2.23720960841261,1.05401625428732
