"","X","id","site","block","live_mass","richness","shannon","simpson","sd_biomass","variability","gama","shannon_g","simpson_g","Spie","a_beta","m_beta","multi_beta","mult_beta_pa","sd","sd_spec","complementarity"
"1",1,"ahth.is_1","ahth.is",1,28.801049,13.8,1.60651489859139,3.808402132403,18.3547016617907,0.637292817417544,34,1.93139544725629,4.54563566558242,3.91794008035308,20.2,2.46376811594203,0.296843408506093,0.25252450582457,18.3547016617907,31.6777808993432,0.664273859092809
"2",2,"ahth.is_2","ahth.is",2,24.44809,14.1,1.50916649889207,3.52815120410874,13.0124064264711,0.532246340162815,31,1.87562272412916,4.28092968334155,3.62390671429241,16.9,2.19858156028369,0.287482032688801,0.256680450430581,13.0124064264711,22.9705086936358,0.679096825742502
"3",3,"ahth.is_3","ahth.is",3,26.02045,13.2,1.35359250250705,2.93885075097234,10.6634427082283,0.409810080464722,31,1.81527053838149,3.70944929740655,2.99395388937776,17.8,2.34848484848485,0.30353207638456,0.256479064055577,10.6634427082283,28.0388560429153,0.855364700866597
"4",4,"amcamp.us_1","amcamp.us",1,466.838805,13.4,1.77944281035594,4.70822671140943,199.276641677386,0.426863918644009,27,2.45293965435157,8.83154538530746,5.00468522323784,13.6,2.01492537313433,0.405869147352023,0.195062467853025,199.276641677386,659.021762136979,0.908564829486087
"5",5,"amcamp.us_2","amcamp.us",2,462.297785,12.7,1.79622369432575,4.65445534131116,141.773072719668,0.306670456402181,27,2.3363110842263,8.47314237930339,4.93094176383329,14.3,2.1259842519685,0.370529819578194,0.203086608561501,141.773072719668,523.471555129295,0.926649795472744
"6",6,"amcamp.us_3","amcamp.us",3,393.88463,12.4,1.33498311786831,3.31800281884936,96.1985281105295,0.244230215610417,23,1.91531607686487,3.45114510368297,3.54853761140968,10.6,1.85483870967742,0.407933295531185,0.210094776629888,96.1985281105295,422.979363909712,0.948275238746459
"7",7,"amlr.is_1","amlr.is",1,6.79365,6.5,1.38935278578082,3.80834680607713,5.30557475392105,0.780960861086611,19,1.78281424956144,4.16731303150209,7.69317478726395,12.5,2.92307692307692,0.448054427203944,0.298314181746886,5.30557475392105,10.1990783351491,0.729390511061534
"8",8,"amlr.is_2","amlr.is",2,9.57979,6.1,1.25472371498306,3.08805935567721,11.0846555405259,1.15708752911347,19,1.86213405986298,4.57410381358449,-6.21026120646459,12.9,3.11475409836066,0.506205114330857,0.321848746690918,11.0846555405259,19.2774253426289,0.669366888711917
"9",9,"amlr.is_3","amlr.is",3,4.14163,5.7,1.28714317849215,3.40502170859717,3.91701742629375,0.945767107707291,19,1.37101509971943,2.29186397533787,3.75173150748224,13.3,3.33333333333333,0.520183398211443,0.300441250779357,3.91701742629375,7.16468658138199,0.701106401719271
"10",10,"anti.ec_1","anti.ec",1,1257.5,19.9,2.21743632615333,6.64232257691114,202.034787983544,0.160663847303017,48,2.72104991970311,9.48647578885038,6.78595306650765,28.1,2.41206030150754,0.347894162631247,0.252763750005952,202.034787983544,1331.15433981588,0.976964614337877
"11",11,"anti.ec_2","anti.ec",2,1425,18.15,2.12289256607173,5.7262122581176,424.264068711929,0.297729171025915,44,2.81942122794548,12.188919584013,6.52323899331382,25.85,2.42424242424242,0.356009014041334,0.237113671431394,424.264068711929,1760.07988047184,0.941895770298011
"12",12,"anti.ec_3","anti.ec",3,1130,16.15,2.04825663458581,5.75061257187697,404.886815459992,0.358306916336276,42,2.60214940962943,9.96018054231289,6.11636917103496,25.85,2.60061919504644,0.392839614029749,0.225745320253595,404.886815459992,1426.16240239519,0.919401064941333
"13",13,"anti.ec_4","anti.ec",4,1209,10.75,1.65451228028909,3.77264518461422,732.559440136658,0.60592178671353,28,2.09855129696687,4.82386661017372,3.96075141849108,17.25,2.6046511627907,0.374134495455671,0.301420271285252,732.559440136658,1393.90878818574,0.723804227990548
"14",14,"anti.ec_5","anti.ec",5,1136,11.26667,1.69181021931187,3.89217028396703,604.583419480812,0.5322037143317,35,2.25187519048214,5.33459324877767,4.34437585257271,23.73333,3.10650795665445,0.34428579307176,0.313179915704678,604.583419480812,1357.95120307062,0.801781522130542
"15",15,"arch.us_1","arch.us",1,257.25,11.4,1.71389875162777,4.05324752297693,55.5609025204675,0.215980184724849,30,1.96240190798013,4.57283302726916,4.1776371395685,18.6,2.63157894736842,0.21850439109915,0.241463838710616,55.5609025204675,174.702879252743,0.898856388153719
"16",16,"arch.us_2","arch.us",2,308.15,12.7,1.84316191717442,5.00695204290817,118.737350203436,0.385323219871607,32,2.30142670333688,6.86223195243039,5.23723451348498,19.3,2.51968503937008,0.323749484699734,0.243653254810401,118.737350203436,304.579752927986,0.848024827332704
"17",17,"arch.us_3","arch.us",3,260.55,18.3,2.01568038122306,5.2108339327174,98.7495288315061,0.379004140593,48,2.59796449834567,7.73487106647728,5.54058335533755,29.7,2.62295081967213,0.355648255665254,0.294478006490141,98.7495288315061,306.258650919721,0.896033521491939
"18",18,"azi.cn_1","azi.cn",1,386.8025,36.5,2.7139732692968,10.189401183443,64.8306543255409,0.167606606279796,63,3.01073463028218,13.0120715698842,10.9377251671896,26.5,1.72602739726027,0.26702397558024,0.153558006117862,64.8306543255409,298.669340733065,0.9528827946717
"19",19,"azi.cn_2","azi.cn",2,378.544,36.3,2.75058876889699,10.4349176578518,33.609749230444,0.0887869025276957,60,3.12553034423673,14.0208336486604,11.2009178869593,23.7,1.65289256198347,0.296280238290702,0.163965031617771,33.609749230444,323.03211235657,0.989174719720767
"20",20,"azi.cn_3","azi.cn",3,342.1895,33.1,2.6921209501967,10.7180825440011,40.1080161321344,0.117209955688688,54,2.99205762182306,13.2884366272343,11.5461601943175,20.9,1.63141993957704,0.254000270492542,0.154001527745444,40.1080161321344,256.684233078644,0.975584592548855
"21",21,"badlau.de_1","badlau.de",1,704.44875,9.875,1.47675432797783,3.04642485031577,250.871830761532,0.356125027919394,21,1.98235743574869,4.78762767392561,3.16693477252897,11.125,2.12658227848101,0.299160267092411,0.214967836990221,250.871830761532,771.35420848005,0.894221819710557
"22",22,"badlau.de_2","badlau.de",2,449.58625,9.375,1.60734755167925,3.81441548328184,228.014120674106,0.507164355391442,24,2.01475827539671,4.94752833937128,4.06600378468625,14.625,2.56,0.249775567223463,0.250061162004777,228.014120674106,426.861849793215,0.714669102560155
"23",23,"badlau.de_3","badlau.de",3,579.83625,10.5,1.827740361508,5.07117153664157,161.544736390132,0.278604065182423,27,2.24628536398473,6.7367626796142,5.48516303072702,16.5,2.57142857142857,0.298618846902724,0.224799825498031,161.544736390132,535.668534076007,0.909051958383356
"24",24,"bari.ar_1","bari.ar",1,140.173125,10.5,1.37927437251164,2.96736864508397,66.5573059173983,0.474822159507383,33,2.15122687005302,6.33490129172992,3.1468857761607,22.5,3.14285714285714,0.436361054716293,0.308716552991597,66.5573059173983,167.368335956948,0.84185885737475
"25",25,"bari.ar_2","bari.ar",2,291.3895,5.3,0.665602882087854,1.71568542751861,157.940774157242,0.542026305536891,14,0.767690730998484,1.68457977062027,1.75754614019128,8.7,2.64150943396226,0.20083128938165,0.184189564592887,157.940774157242,230.86998936606,0.531991696018431
"26",26,"bari.ar_3","bari.ar",3,314.926,5.4,0.746558471869815,1.81129984949867,91.5753404094744,0.290783677465418,17,0.964238943908103,1.76598425459812,1.85558521990924,11.6,3.14814814814815,0.237709217683375,0.232706846942875,91.5753404094744,214.383639026029,0.817537422116252
"27",27,"barta.us_1","barta.us",1,180.16,12.1,2.1912807716561,7.49503915272959,47.5947872962762,0.264180657727999,30,2.79449368302401,12.0620659878387,8.7306274160095,17.9,2.47933884297521,0.376851446432095,0.297767007169224,47.5947872962762,211.240159477881,0.949234834406977
"28",28,"barta.us_2","barta.us",2,237.16,11.4,2.10069023385069,6.62658658407932,96.5831069885182,0.407248722333101,33,2.70561426532732,9.64180376559312,7.47295766928304,21.6,2.89473684210526,0.368472530493037,0.335928430988483,96.5831069885182,292.245077455544,0.890778550737656
"29",29,"barta.us_3","barta.us",3,200.05,11.9,2.21273422798997,7.82610111374326,80.5940375517252,0.402869470391028,30,2.75741358733492,10.5346741579133,9.03521163381368,18.1,2.52100840336134,0.342256200247368,0.249844772793491,80.5940375517252,228.298995785814,0.87537710826936
"30",30,"bnbt.us_1","bnbt.us",1,353.6,4.4,0.936883379037038,2.31444831464931,295.155778078853,0.834716566965083,13,1.51267947127119,3.65219044984613,2.3961042814616,8.6,2.95454545454545,0.401398156030414,0.238920390492017,295.155778078853,591.419638053928,0.750935920770706
"31",31,"bnbt.us_2","bnbt.us",2,441.9,5.7,1.22562899096869,2.84708463256699,351.707090883561,0.79589746748939,16,1.91181996132295,5.46262600599299,2.92139551810449,10.3,2.80701754385965,0.412494403141913,0.307686294558468,351.707090883561,718.540495594981,0.760414930374673
"32",32,"bnbt.us_3","bnbt.us",3,1056,5.3,1.12262785776151,2.59775570076004,579.91340349707,0.549160419978286,15,1.82332925561441,4.84888727893104,2.65778096484853,9.7,2.83018867924528,0.440724700579357,0.253538064502439,579.91340349707,1572.55991022403,0.864008459442642
"33",33,"bnch.us_1","bnch.us",1,161.4149985,10.9,1.76019901492279,4.48273286815656,36.7104641333142,0.227429077065067,24,2.09185759084529,5.39357653462626,4.62934262707506,13.1,2.20183486238532,0.253681687984159,0.203517446760262,36.7104641333142,127.610830117337,0.91724301060775
"34",34,"bnch.us_2","bnch.us",2,157.450001,9.5,1.65532205943586,4.0005960115646,68.7690233902996,0.436767373474323,25,2.09513213212217,5.5473380721911,4.12658164864401,15.5,2.63157894736842,0.340415097174861,0.250681884175047,68.7690233902996,159.870138231721,0.81496622351871
"35",35,"bnch.us_3","bnch.us",3,107.1099985,7.9,1.31993346790394,2.87636436144565,33.7932151396962,0.315500099084552,17,1.51060380995396,3.16584856636596,2.94780461625877,9.1,2.15189873417722,0.248612443251982,0.139058592697953,33.7932151396962,71.8671081750207,0.778894937370565
"36",36,"bogong.au_1","bogong.au",1,458.385,15.8,1.69057862318396,4.17698815752451,157.898174027159,0.344466276224483,29,2.01502555579976,4.55023932726888,4.50291889864202,13.2,1.83544303797468,0.28962293060702,0.161935067953687,157.898174027159,406.667434512628,0.849243716135756
"37",37,"bogong.au_2","bogong.au",2,383.12,17.5,1.4852449356139,3.35873497116957,168.522654593117,0.439869113053658,29,1.86960471535088,3.7017162571541,3.51860712976251,11.5,1.65714285714286,0.308052327242147,0.170171364180112,168.522654593117,358.652165817187,0.779214947517186
"38",38,"bogong.au_3","bogong.au",3,407.075,17.9,1.07955015055134,2.10548837322326,83.0921518222055,0.204120006932888,31,1.37436226568101,2.24638459526838,2.1460282610419,13.1,1.73184357541899,0.238117378672128,0.157236193282947,83.0921518222055,293.487634510826,0.919843195368908
"39",39,"bttr.us_1","bttr.us",1,213.779999,10,1.76733751486978,4.88341097434179,70.5639032080536,0.33007719870021,32,2.51787794832832,7.36112568073735,4.99733053018194,22,3.2,0.384005065664224,0.354379178110938,70.5639032080536,283.888346937461,0.938216848248039
"40",40,"bttr.us_2","bttr.us",2,165.3650005,16.3,2.18882173975049,7.01857543196454,55.7425589163154,0.337088009843506,42,2.82075472432496,12.3537610496213,7.34058654252092,25.7,2.57668711656442,0.36710862782878,0.264465111996103,55.7425589163154,204.324315133089,0.925572454089575
"41",41,"bttr.us_3","bttr.us",3,314.855003,15.3,2.06534818107458,6.29137923121527,102.4216704469,0.325297897352769,33,2.60499182338752,10.189888793269,6.45992373096325,17.7,2.15686274509804,0.349841850605227,0.216092099069773,102.4216704469,337.360187248639,0.907828628189945
"42",42,"bunya.au_1","bunya.au",1,1013.952,5.7,0.502574482372822,1.31567468375665,524.11165609693,0.516899869122927,16,0.614018071358219,1.27866937208558,1.32164954797098,10.3,2.80701754385965,0.0991603934411256,0.259379762997415,524.11165609693,671.23093022725,0.390317519190231
"43",43,"bunya.au_2","bunya.au",2,1444.3695,3.9,0.282550863954459,1.13297300001213,757.110291049865,0.524180475321491,11,0.339208103762601,1.13418166392574,1.13453022880049,7.1,2.82051282051282,0.0416103932950273,0.2419469053674,757.110291049865,853.520518605219,0.213152866936313
"44",44,"bunya.au_3","bunya.au",3,1241.325,4,0.256992014387854,1.16686550909314,477.413607804246,0.384600010314983,14,0.32726729768078,1.13247359089906,1.17060283429265,10,3.5,0.0829972894658583,0.307441669912925,477.413607804246,631.874895580827,0.429142928956727
"45",45,"burrawan.au_1","burrawan.au",1,366.705,10,1.73817472241906,4.49410881010963,219.535460878951,0.598670486846241,22,2.31291885652215,7.48671538173473,4.70514681134001,12,2.2,0.365660669008534,0.192778269579038,219.535460878951,446.064742500688,0.75777801095471
"46",46,"burrawan.au_2","burrawan.au",2,238.975,9.5,1.74485340334712,4.62126872184279,172.8174972655,0.723161407115807,19,1.91918870976446,5.08912763502482,4.81434520683496,9.5,2,0.215210200409424,0.137508314761292,172.8174972655,224.907083228817,0.409568993820748
"47",47,"burrawan.au_3","burrawan.au",3,211.415,11.8,1.81526421852976,4.64650367514318,154.316161841706,0.729920591451438,27,2.14133843605102,5.92534571693094,4.8676785072393,15.2,2.28813559322034,0.274710908324172,0.231277073180918,154.316161841706,219.828826378437,0.507219466540378
"48",48,"burren.ie_1","burren.ie",1,247.255,25,2.57845111550809,9.45655638383337,24.6631016567936,0.0997476356667957,48,3.00406629212635,14.4402021115546,10.3610823134291,23,1.92,0.335367779042164,0.165176019420756,24.6631016567936,236.894821224451,0.989161123880182
"49",49,"burren.ie_2","burren.ie",2,207.33,24.4,2.44183045453614,7.58776953400344,24.683476254369,0.119054050327348,54,2.99731819561742,12.5157744498647,8.2195502731811,29.6,2.21311475409836,0.370237598736658,0.235827926206705,24.683476254369,223.460233599155,0.987798530217926
"50",50,"burren.ie_3","burren.ie",3,228.915,29.1,2.83884737381328,13.3858604339841,43.975087960243,0.192102256122329,52,3.25951258188996,19.0441883484163,15.6263873435111,22.9,1.78694158075601,0.320638522005445,0.176562866185764,43.975087960243,221.105229158934,0.960443723312168
"51",51,"bynb.cn_1","bynb.cn",1,112.79,8.3,1.86026749707721,5.798533740243,17.1390360159361,0.15195527986467,16,2.11081058122619,7.0337264029344,6.28218042302016,7.7,1.92771084337349,0.230335686935476,0.123240841290142,17.1390360159361,79.5224759599269,0.953549221631645
"52",52,"bynb.cn_2","bynb.cn",2,112.76,8.9,2.00794734944059,6.72197461772067,18.8243164255409,0.16694143690618,16,2.24440929476526,8.27585109767738,7.35472045855149,7.1,1.79775280898876,0.207060517090664,0.128935991879521,18.8243164255409,67.5842412312521,0.922420398533065
"53",53,"bynb.cn_3","bynb.cn",3,116.32,9.9,2.12829962536104,7.55800951198484,12.6059333472598,0.108372879532838,18,2.35536289854628,9.06721836036633,8.44552424725922,8.1,1.81818181818182,0.207436918662054,0.146253308055663,12.6059333472598,66.8226298673991,0.964412057058078
"54",54,"cbgb.us_1","cbgb.us",1,189.82,11.4,1.26951915217061,2.61435870704979,81.181772037269,0.427677652709246,30,1.67641480117836,3.2250405816892,2.6594365905504,18.6,2.63157894736842,0.313559195360338,0.277435197536778,81.181772037269,196.460987236387,0.829248546374164
"55",55,"cbgb.us_2","cbgb.us",2,205.83,7.7,1.00402800822862,2.17076404270131,116.760605514017,0.567267189010433,26,1.31277203680803,1.98224498254478,2.21345332208321,18.3,3.37662337662338,0.174308593188958,0.336057820978075,116.760605514017,203.613106856361,0.671162592455043
"56",56,"cbgb.us_3","cbgb.us",3,216.545,6,0.55074283316643,1.33753430596529,95.9508799392226,0.443099032252985,16,0.658974898880275,1.32286462244907,1.34247544599824,10,2.66666666666667,0.0773001187359386,0.263457421111082,95.9508799392226,128.698105759954,0.444155114197739
"57",57,"cbgb.us_4","cbgb.us",4,410.05,9.375,1.0196127589965,1.96910499478382,221.00119262768,0.538961572070919,27,1.29446435542959,2.02016654402305,1.98674011027394,17.625,2.88,0.161050149708798,0.283533823101374,221.00119262768,371.940476813419,0.6469450151713
"58",58,"cbgb.us_5","cbgb.us",5,176.28125,7.25,0.656917816043955,1.4089821508395,103.340328656269,0.586224165396315,22,0.796600356294065,1.39885267176116,1.41481861395635,14.75,3.03448275862069,0.0964643222275997,0.332707204166322,103.340328656269,129.305910957209,0.361291169773369
"59",59,"cbgb.us_6","cbgb.us",6,290.33125,5,0.470493628540249,1.26337193584842,141.678879708152,0.487990458168566,15,0.537579034562038,1.2629583209556,1.26663536242116,10,3,0.0446533718678159,0.183612917754567,141.678879708152,162.062274042164,0.235730776858779
"60",60,"cdcr.us_1","cdcr.us",1,152.6399995,12.4,1.48667753733938,3.03126344912103,55.3792165687334,0.362809334054888,43,2.18930009232593,5.45132892922135,3.08304780506913,30.6,3.46774193548387,0.424022701451646,0.372417238394924,55.3792165687334,199.998260532194,0.923327225613407
"61",61,"cdcr.us_2","cdcr.us",2,296.345003,7.6,1.27269433914098,2.78246923791141,115.317049977587,0.389131076313736,28,1.95125934350146,4.95209000448717,2.83268541206056,20.4,3.68421052631579,0.430873664775849,0.356945766759597,115.317049977587,372.396198652408,0.904109282257905
"62",62,"cdcr.us_3","cdcr.us",3,174.5950005,10,1.43372760744556,3.17702200489725,54.8436737935402,0.314119382780037,35,1.93970154658597,4.07071294969951,3.26147475087177,25,3.5,0.349967955715789,0.349046205685783,54.8436737935402,190.151492598125,0.916813356649291
"63",63,"cdcr.us_4","cdcr.us",4,168.584998,8.6,1.23963480419067,2.45858260739239,49.9904410528211,0.296529594245516,28,1.85405664034786,4.25504748806642,2.49557761066276,19.4,3.25581395348837,0.388970540093935,0.342364122176343,49.9904410528211,206.965468531921,0.941658424236834
"64",64,"cdcr.us_5","cdcr.us",5,192.4499985,12.4,1.45726998726063,2.71661368180217,58.9555200214536,0.306342013411102,33,1.78177316911152,3.0873324666031,2.76274792710745,20.6,2.66129032258065,0.2420346633781,0.261244602199861,58.9555200214536,163.988052334942,0.870751791164357
"65",65,"cdpt.us_1","cdpt.us",1,87.9606,12,1.72234897181699,4.09667584735873,55.5271594411239,0.631273086371898,35,2.08811442636905,4.58806191920299,4.26178913454317,23,2.91666666666667,0.245883875624084,0.278303478845187,55.5271594411239,90.9036701390264,0.626880386515159
"66",66,"cdpt.us_2","cdpt.us",2,176.2173,14,1.80264326369678,4.03819621025742,86.1962002695014,0.489147207847932,36,2.38236195774254,5.8652370701551,4.18835572698187,22,2.57142857142857,0.364238996081989,0.320266610354799,86.1962002695014,207.629814105741,0.827655744294942
"67",67,"cdpt.us_3","cdpt.us",3,162.5148,12.5,1.54022676638454,3.0520091246735,93.7318065994676,0.57675858813762,30,1.86119782251105,3.35445507002953,3.12789582666309,17.5,2.4,0.217078051634188,0.266362450344788,93.7318065994676,157.982516715822,0.647989255695101
"68",68,"cdpt.us_4","cdpt.us",4,73.7226,9.8,1.41028608669768,2.76953767688558,34.0968458013348,0.462501943791114,26,1.66764822273762,2.83710358067846,2.83068495082005,16.2,2.6530612244898,0.18733143392389,0.246634524621542,34.0968458013348,61.6568564534709,0.694180162083892
"69",69,"cdpt.us_5","cdpt.us",5,75.789,9.5,1.52941703622496,3.50151633200091,25.8465556699534,0.341033074324155,29,1.9621854451032,4.29154010133279,3.61619680988,19.5,3.05263157894737,0.26142449768167,0.311025072520597,25.8465556699534,69.8615493070298,0.863123488372709
"70",70,"cdpt.us_6","cdpt.us",6,146.1285,14.6,1.9597190491949,5.10855471214577,72.8437195405342,0.498490845663469,41,2.57339363286098,7.82542829068228,5.36551395372338,26.4,2.80821917808219,0.35444480815609,0.312080189564872,72.8437195405342,184.082749844608,0.843412157365624
"71",71,"chilcas.ar_1","chilcas.ar",1,457.5,15.4,1.55353631594359,3.5745632394768,75.408148690237,0.164826554514179,44,2.06027026653985,3.5520852584242,3.68088450695689,28.6,2.85714285714286,0.281934136108532,0.302378437658529,75.408148690237,408.171201654845,0.965868778006021
"72",72,"chilcas.ar_2","chilcas.ar",2,374.2,9.7,1.29852511478368,3.88490469126822,145.426040767578,0.388631856674447,36,2.01424247658033,3.43037694206465,4.06304185991418,26.3,3.71134020618557,0.348373375007526,0.410959724245558,145.426040767578,455.250968263271,0.897957144091391
"73",73,"chilcas.ar_3","chilcas.ar",3,434.95,11.8,1.76380360805424,5.07259374258168,168.974102223454,0.388490866130484,37,2.54476049777109,8.06520588115505,5.32620858607076,25.2,3.13559322033898,0.431532585721458,0.356046487389213,168.974102223454,650.622886368716,0.93255005135424
"74",74,"cowi.ca_1","cowi.ca",1,355.65,5.6,0.743868844143967,1.75810306349693,84.354954408934,0.237185306927974,17,0.935823395649589,1.68070342272448,1.78062858775208,11.4,3.03571428571429,0.181203240746229,0.2117838020115,84.354954408934,215.516373185301,0.846799335075846
"75",75,"cowi.ca_2","cowi.ca",2,441.65,4.2,0.619645966972795,1.55824621858926,154.426266116444,0.349657570738013,10,0.725878433428581,1.46991038428434,1.57436775372683,5.8,2.38095238095238,0.159231961028499,0.147161471831787,154.426266116444,258.424854435807,0.642913212835691
"76",76,"cowi.ca_3","cowi.ca",3,611.04,3.5,0.279901884140889,1.15082943834586,94.0985558987077,0.153997374801499,10,0.312206702231134,1.13075828464534,1.15324932047364,6.5,2.85714285714286,0.0883335990582683,0.233104815453361,94.0985558987077,146.061095170817,0.584953446720263
"77",77,"derr.au_1","derr.au",1,140.75,5.6,0.38424767421886,1.19336941554561,50.6492568772951,0.359852624350231,15,0.422749848274297,1.17656397791168,1.20096417064122,9.4,2.67857142857143,0.0791302062477965,0.102369853561605,50.6492568772951,60.4880151042949,0.298855569483183
"78",78,"derr.au_2","derr.au",2,100.75,5.8,0.44773029914374,1.29509839009154,21.7642035359798,0.216021871324862,13,0.594651542466874,1.29500990410977,1.30664056916998,7.2,2.24137931034483,0.118952186387883,0.121127084776391,21.7642035359798,45.232640183519,0.768483642057548
"79",79,"derr.au_3","derr.au",3,128,5.7,0.430547293072365,1.25462445631424,26.3997053855615,0.206247698324699,13,0.503333578236288,1.236043501531,1.26454917759811,7.3,2.28070175438596,0.0699994797414702,0.126850706131655,26.3997053855615,43.8893735074722,0.638190973689209
"80",80,"ethamc.au_1","ethamc.au",1,0.4678,1,0,1,1.47931348942677,3.16227766016838,6,0.749120646500349,1.88194609397924,1.8452398584839,5,6,0.324419140544467,0.14,1.47931348942677,1.47931348942677,0
"81",81,"ethass.au_1","ethass.au",1,36.5415555555556,1.2,0.123384393695983,1.15059609589938,47.2781071271659,1.29381758407321,10,1.36463037761572,3.16195363955179,1.99531284635379,8.8,8.33333333333333,0.490793353620235,0.400628219958882,47.2781071271659,90.4259025028869,0.726640320358434
"82",82,"ethass.au_2","ethass.au",2,51.0798,1.33333333333333,0.121167833748414,1.13487813286095,59.0153088910929,1.15535512846747,9,1.41306500807751,3.26451015932972,1.99221239865933,7.66666666666667,6.75,0.44370366498542,0.29654719129745,59.0153088910929,79.0601851479141,0.442796654800222
"83",83,"ethass.au_3","ethass.au",3,60.3341,1.55555555555556,0.167663448511386,1.15285666868666,79.6130771397234,1.3195369971496,10,1.32770462413945,3.1301724003461,2.18447216532936,8.44444444444444,6.42857142857143,0.344848990612938,0.250111391230425,79.6130771397234,109.928069667068,0.475492603633833
"84",84,"frue.ch_1","frue.ch",1,648.32,13.9,2.16830156369312,7.22072113902387,166.664033645868,0.257070634325438,27,2.41999593267071,9.02621967170772,7.51753408483589,13.1,1.94244604316547,0.235470345698786,0.105721604027466,166.664033645868,472.45519994248,0.875559281362195
"85",85,"frue.ch_2","frue.ch",2,578.45,15,2.27087251074426,7.57626764761593,176.854514911111,0.305738637585117,26,2.57095989400246,9.3068467622724,7.91577035562872,11,1.73333333333333,0.230006148447079,0.150929260333459,176.854514911111,419.488793199946,0.822257380313784
"86",86,"frue.ch_3","frue.ch",3,623.805,13.6,2.25398094502997,7.92331973760284,131.841309177191,0.211350196258752,26,2.57602397662682,10.3619721185062,8.25190791451034,12.4,1.91176470588235,0.24730193824308,0.149974094147393,131.841309177191,485.548660235221,0.92627114429789
"87",87,"gall.it_1","gall.it",1,352.70625,15.375,1.89480693422138,4.94577972783701,168.502775385155,0.477742527627892,33,2.28201689551432,5.68252940360202,5.07343014664371,17.625,2.14634146341463,0.30135628593413,0.240454512227595,168.502775385155,359.854478959736,0.780739554666771
"88",88,"gall.it_2","gall.it",2,268.05625,14.875,1.91692206231884,5.45656579215571,92.8345703677092,0.346324961151658,30,2.47248816910445,7.8875790389883,5.5980171132035,15.125,2.01680672268908,0.371520055753099,0.193600606847853,92.8345703677092,301.782841018222,0.905369664834608
"89",89,"gall.it_3","gall.it",3,237.50625,12.125,1.80734907706726,4.7154102427634,114.161975898595,0.480669354590017,37,2.97847028660784,15.388209725618,4.90179183512072,24.875,3.05154639175258,0.532933203065396,0.408314467437842,114.161975898595,437.338324246245,0.931859097598847
"90",90,"gall.it_4","gall.it",4,335.73125,8.5,1.39764279273712,3.52926136917819,131.622883750455,0.392048353409028,29,2.20727452190149,7.18948961629367,3.60659444742477,20.5,3.41176470588235,0.44878796802107,0.361258548124962,131.622883750455,505.209541283339,0.93212345699761
"91",91,"gilb.za_1","gilb.za",1,264.69,23.1,2.280521208008,6.24957033854549,64.4998268731527,0.243680633469918,56,2.62540204535069,7.37280353470568,6.65100447730353,32.9,2.42424242424242,0.26793042587774,0.242478572921835,64.4998268731527,202.207661617539,0.898252936495475
"92",92,"gilb.za_2","gilb.za",2,286.6,23.2,2.42120224558755,7.69608533794019,40.806998310475,0.142383106456647,52,2.80257963516017,10.4764815636943,8.20783788682936,28.8,2.24137931034483,0.266287592102328,0.200731605096515,40.806998310475,223.183255235805,0.966569252707748
"93",93,"gilb.za_3","gilb.za",3,290.3,25.2,2.47058650084451,7.84567676932064,85.3358105109195,0.29395732177375,56,2.77979543767206,9.37011721473256,8.44525697939913,30.8,2.22222222222222,0.235637222090941,0.202653472013683,85.3358105109195,213.485514776851,0.840218751828752
"94",94,"glac.us_1","glac.us",1,181.37697,6.3,1.37672481253652,3.6076950083151,36.6721040307449,0.202187212801851,16,1.91304704723515,4.79290863727765,4.03377607677873,9.7,2.53968253968254,0.368652038893506,0.275252446895772,36.6721040307449,200.03800563212,0.966391693911749
"95",95,"glac.us_2","glac.us",2,170.2714,7.6,1.46789672181073,3.58712780127549,45.7571502175647,0.268730686524952,16,1.98133328540275,5.32209964746414,3.96781495710043,8.4,2.10526315789474,0.38854613091817,0.195777140690487,45.7571502175647,190.307140442198,0.942189360995426
"96",96,"glac.us_3","glac.us",3,142.357585,6.2,1.26188555756163,3.34428377410814,60.2874868587497,0.423493323933176,17,1.85777607954889,3.73664795752841,4.00688479692256,10.8,2.74193548387097,0.457939679324251,0.30878643916021,60.2874868587497,203.470834850359,0.912208993829941
"97",97,"glcr.us_1","glcr.us",1,390.52,4.8,0.413327467204996,1.24051141109437,111.177925966543,0.284692015688168,17,0.512295304735785,1.23359960062936,1.2440128560146,12.2,3.54166666666667,0.0810662408361761,0.28316677633973,111.177925966543,161.270959244011,0.524747075886215
"98",98,"glcr.us_2","glcr.us",2,483.565,3.9,0.220938559513644,1.1027460710167,113.713206625753,0.235155990664652,15,0.253481785782368,1.10246064238247,1.10403648331214,11.1,3.84615384615385,0.0406009791348603,0.258936455405389,113.713206625753,140.150056716113,0.341682716456896
"99",99,"glcr.us_3","glcr.us",3,468.945,3.9,0.248550156349979,1.11568338952552,77.8437553693294,0.165997623110022,11,0.293906753013651,1.1166973830719,1.11716910013415,7.1,2.82051282051282,0.0401115550706466,0.21825017467366,77.8437553693294,105.123555205977,0.45166309256728
"100",100,"hall.us_1","hall.us",1,333.8,8.4,1.45944977587448,3.27013630853704,174.77401281528,0.523589013826482,17,1.694044398096,3.86575482829286,3.35249213511384,8.6,2.02380952380952,0.243626501275839,0.173975282459069,174.77401281528,311.9614859962,0.686128592626185
"101",101,"hall.us_2","hall.us",2,502.4,7.3,1.38081655213624,3.21459561145918,346.184343955645,0.689061194179229,17,1.62864887728838,3.71776684862774,3.29811999150413,9.7,2.32876712328767,0.228926550011719,0.158166094280839,346.184343955645,519.927524193101,0.556667848517347
"102",102,"hall.us_3","hall.us",3,487.1,7.8,1.57124443314124,4.03168651714322,379.736882591091,0.779587112689573,18,1.89591771942197,4.69724703559721,4.19766904646213,10.2,2.30769230769231,0.269923860017736,0.197511147078649,379.736882591091,488.881838067463,0.396666063307932
"103",103,"hart.us_1","hart.us",1,226.965,10.2,1.56816935138285,3.39850863026593,292.149471874701,1.28720054578768,22,1.94674524770981,4.80437243704244,3.93225743902496,11.8,2.15686274509804,0.391224799171567,0.215129474230675,292.149471874701,368.46330501499,0.371331464717335
"104",104,"hart.us_2","hart.us",2,133.58,10.3,1.66269459955802,3.89248349065171,55.5912073383312,0.416164151357473,25,2.07740145658731,5.14648536270158,4.6398182603175,14.7,2.42718446601942,0.39104310217553,0.276648857821121,55.5912073383312,155.024271723219,0.871408336991072
"105",105,"hart.us_3","hart.us",3,166.595,13.8,1.95182681186007,4.93014071314464,82.2872895882334,0.493936130065328,28,2.25690499378348,6.10720492293667,6.0056150517845,14.2,2.02898550724638,0.376293824580872,0.166090166020992,82.2872895882334,181.267103944972,0.793923949313748
"106",106,"hast.us_1","hast.us",1,231.534999,5.9,0.966549301340544,2.17516369309949,144.029504079392,0.622063639196906,18,1.61052146440734,3.90935225226612,2.20141865861826,12.1,3.05084745762712,0.432981798155159,0.299694831271107,144.029504079392,275.25335121801,0.726197316535746
"107",107,"hast.us_2","hast.us",2,185.4449995,6,1.05795685567204,2.40588242577779,69.989104352392,0.377411655968604,17,1.35955173560172,3.27730891123699,2.43629373053665,11,2.83333333333333,0.27330551890006,0.290346644336591,69.989104352392,157.04425526208,0.801382842112106
"108",108,"hast.us_3","hast.us",3,72.795,11.1,1.28394185961973,2.59510136591534,35.8522775504647,0.492510166226591,30,1.74078986155281,3.34234455003216,2.63686082891504,18.9,2.7027027027027,0.295951881733357,0.303598532522667,35.8522775504647,77.8489699792212,0.787906305054528
"109",109,"hnvr.us_1","hnvr.us",1,420.945,10,1.66442082667955,4.37372190790787,63.9926621227431,0.152021433020331,27,2.3604938265391,7.4771605447792,4.67376677637556,17,2.7,0.390240893343084,0.30856822090228,63.9926621227431,532.155777729819,0.985539517264544
"110",110,"hnvr.us_2","hnvr.us",2,515.3,11.9,1.90559800078178,5.10434836152407,168.285479996873,0.326577682897094,29,2.35628357899303,7.49410036132476,5.4750165116228,17.1,2.43697478991597,0.317479547956262,0.228068543095012,168.285479996873,541.454615834747,0.903401769533651
"111",111,"hnvr.us_3","hnvr.us",3,390.495,9.3,1.72516789382524,4.45646767230047,82.2041748399138,0.210512746232125,22,2.15387612630383,6.29326532800318,4.74575074660156,12.7,2.36559139784946,0.299594259574735,0.225252159354851,82.2041748399138,377.712914748203,0.952634286949163
"112",112,"hopl.us_1","hopl.us",1,121.2599985,18.8888888888889,2.16902767835909,6.34163839611905,29.4614411841045,0.242960923210835,39,2.62547185105419,8.19629051577075,6.638145351534,20.1111111111111,2.06470588235294,0.318663853126908,0.2523408939892,31.2270752869873,119.792814177051,0.932048181185957
"113",113,"hopl.us_2","hopl.us",2,157.2099995,20.7777777777778,2.3500592185653,7.6085605531036,55.6688254991568,0.354104864043058,37,2.70600282468145,9.40112834978844,7.96705533467108,16.2222222222222,1.7807486631016,0.282667804554669,0.187701431666363,36.6880754710689,118.073525508269,0.903451662514208
"114",114,"hopl.us_3","hopl.us",3,186.320002,17.7777777777778,2.0788778043848,5.6562814940926,52.6539985689597,0.282599817538429,36,2.60609415595574,8.68652180088056,5.8958253860169,18.2222222222222,2.025,0.338479294350431,0.234105807348236,55.8292765870128,198.004079461001,0.920498426416366
"115",115,"jasp.us_1","jasp.us",1,290.58,12.7,1.92160540973695,5.16472933844562,60.5263909381685,0.208295102684866,29,2.28471375876191,6.39261643183944,5.36190139491345,16.3,2.28346456692913,0.307264688018706,0.223934242120918,60.5263909381685,250.58300164535,0.941657324289795
"116",116,"jasp.us_2","jasp.us",2,306.95,14.1,1.84541973499688,4.51275494026429,84.9478173154947,0.276748060972454,35,2.39841013032389,6.15292598106901,4.68288473162551,20.9,2.4822695035461,0.363835288057552,0.300502887068948,84.9478173154947,329.077999536936,0.93336433262284
"117",117,"jasp.us_3","jasp.us",3,297.23,16.3,2.24944877098038,7.3173937109001,75.8592856690743,0.255220824509889,34,2.78995755532788,12.1636903558285,7.70265972689448,17.7,2.08588957055215,0.38704343824609,0.262514878650153,75.8592856690743,349.064158848982,0.952771192470074
"118",118,"jena.de_1","jena.de",1,168.038125,13.125,1.65318112571969,4.04147110681435,41.9997323067575,0.249941686190306,29,1.86875968870011,5.02210806667647,4.15369530202558,15.875,2.20952380952381,0.248736251451597,0.18171640821645,41.9997323067575,118.200973380734,0.873744316082392
"119",119,"jena.de_2","jena.de",2,173.7175,12.25,1.64054070992944,4.36166227131626,42.9371134002142,0.247166309670668,28,1.8271200485804,4.70108088254843,4.4865115912199,15.75,2.28571428571429,0.187688112863934,0.190139202782256,42.9371134002142,111.022653262442,0.850430692093986
"120",120,"jena.de_3","jena.de",3,121.441875,11.625,1.43097631662235,3.34602834012153,43.2135984663475,0.355837708091608,28,1.67477966399469,3.81784579793838,3.42348106277415,16.375,2.40860215053763,0.224268945268769,0.218125982725534,43.2135984663475,83.0774800902027,0.729433368751113
"121",121,"kbs.us_1","kbs.us",1,464.205,14.8,1.54190670292891,2.98702423621799,143.657730677236,0.309470450937056,37,2.54268691091398,8.52378099916138,3.19722161665942,22.2,2.5,0.499877120914122,0.265751837135589,143.657730677236,760.904559278191,0.964355081118945
"122",122,"kbs.us_2","kbs.us",2,458.355,13,1.70515831747161,3.88846294207511,79.600214439968,0.173664985524251,35,2.41116949715536,7.47468122441022,4.116174577739,22,2.69230769230769,0.415556274508169,0.284120387948082,79.600214439968,529.283432008774,0.977382121009989
"123",123,"kbs.us_3","kbs.us",3,638.36,11,1.4521693990774,3.42046395289358,127.461762893818,0.199670660589352,28,2.14769647773708,6.74896249088796,3.54111957870805,17,2.54545454545455,0.449485528664533,0.256772737953115,127.461762893818,830.070518474257,0.97642075674148
"124",124,"kbs.us_4","kbs.us",4,487.795,9.7,1.28772204243939,2.81454408307706,93.1059505497784,0.190871063766087,30,2.02599640899923,6.07183750748643,2.88928914249772,20.3,3.09278350515464,0.448302634930212,0.307563563104426,93.1059505497784,633.553604132984,0.978403262733908
"125",125,"kbs.us_5","kbs.us",5,502.975,8.9,1.18006145564818,2.63030284057009,182.081840954983,0.362009724051856,27,2.03583795891349,5.29549135118642,2.70169568462489,18.1,3.03370786516854,0.456409799367629,0.318092201181874,182.081840954983,776.685863350873,0.945040538301224
"126",126,"kibber.in_1","kibber.in",1,13.645,4.2,1.12805631279899,2.62079090759239,11.1213121228268,0.815046692768542,11,1.83274024367252,4.97959595959596,4.1520930772658,6.8,2.61904761904762,0.456052097340925,0.241095652125713,11.1213121228268,21.6452951060624,0.736011482841235
"127",127,"kibber.in_2","kibber.in",2,27.885,5.6,1.11199542267013,2.71824894257915,21.1497051463555,0.75846172301795,13,1.89982357288148,5.71400982912244,3.45067038038858,7.4,2.32142857142857,0.398540805228893,0.261542520896053,21.1497051463555,39.1546906983583,0.708229728811146
"128",128,"kibber.in_3","kibber.in",3,37.065,6.1,1.22547871242902,2.88504633592968,68.1465498026129,1.83856872528296,14,1.74262205922968,3.43766212755987,3.40495401668466,7.9,2.29508196721312,0.358830911847075,0.201427020875461,68.1465498026129,77.3511473015652,0.223834694036647
"129",129,"kidman.au_1","kidman.au",1,470.745,6,0.467548072341935,1.26042060679093,216.776087049902,0.460495782323555,18,0.553108245932443,1.22277898269354,1.26567434305396,12,3,0.121112891096771,0.314465927095169,216.776087049902,288.395285571832,0.43500262229938
"130",130,"kidman.au_2","kidman.au",2,235.375,7.1,0.587139272830695,1.40975532991484,50.0536448334296,0.212654890423493,17,0.788908128712503,1.42808362454019,1.41860537133649,9.9,2.3943661971831,0.14953290584955,0.217012220297316,50.0536448334296,131.309334795439,0.854695115743061
"131",131,"kidman.au_3","kidman.au",3,303.715,6.9,1.1127703541584,2.65666658074943,172.997487216819,0.569604686027423,16,1.56169445987565,2.84941626541785,2.97755845497358,9.1,2.31884057971015,0.413885482152734,0.236473064989776,172.997487216819,428.569065243833,0.837056158632759
"132",132,"kilp.fi_1","kilp.fi",1,229.1233951545,26,2.14922060957449,5.3941109836813,120.568605927278,0.52621691401691,45,2.50480621933171,7.63591487238547,6.61078620190149,19,1.73076923076923,0.282509079048867,0.164122370280554,120.568605927278,211.628996909825,0.67542270846163
"133",133,"kilp.fi_2","kilp.fi",2,222.2880594255,21.8,2.17585306256489,5.87774373446811,67.3078618044301,0.302795669629697,43,2.47965041708204,7.4609867720421,6.93661612424435,21.2,1.97247706422018,0.232799678898069,0.154103286612929,67.3078618044301,158.36361581406,0.819357152524512
"134",134,"kilp.fi_3","kilp.fi",3,166.7732719875,23.7,2.09948658458581,5.31735426091219,68.0309150515073,0.407924568731891,42,2.3949945518702,6.25649563513705,6.26444735014777,18.3,1.77215189873418,0.245061092213954,0.166088138748492,68.0309150515073,133.028041110434,0.738467158090634
"135",135,"kilp.fi_4","kilp.fi",4,272.304553979,21.5,1.93206504756744,4.51487430937001,50.3192904690334,0.184790484528268,40,2.12642192784776,4.73091622133655,4.97470285001398,18.5,1.86046511627907,0.179476822809555,0.173136003074409,50.3192904690334,135.256799908816,0.86159531182481
"136",136,"kiny.au_1","kiny.au",1,153.25,14.7,1.43088136901719,3.07676556587297,38.2798539994894,0.249786975526847,41,1.79718054274379,3.47710932247703,3.16851319416501,26.3,2.7891156462585,0.253997334200772,0.310831030472,38.2798539994894,130.551044315944,0.914023483486552
"137",137,"kiny.au_2","kiny.au",2,148.5,15.6,1.5585568062767,3.43154223429491,41.6199738373563,0.280269184089941,35,1.90053056025477,4.07733884376509,3.56079575514818,19.4,2.24358974358974,0.267973287694683,0.269034688432685,41.6199738373563,129.592226066813,0.896855587685593
"138",138,"kiny.au_3","kiny.au",3,152.75,14.1,1.37036961982717,2.67066700392112,51.5111908013955,0.337225471694897,29,1.73555772974852,3.17538412865805,2.75834218608568,14.9,2.05673758865248,0.285878857267746,0.260748920961098,51.5111908013955,138.902027980863,0.862473621623758
"139",139,"kirik.ee_1","kirik.ee",1,155.429,32.5,3.16193047046234,18.9291345905323,21.3223109285399,0.13718360748985,67,3.46889496879341,22.9577656131378,21.5462077555538,34.5,2.06153846153846,0.226705454048996,0.1737095432283,21.3223109285399,109.244466159489,0.961904853274355
"140",140,"kirik.ee_2","kirik.ee",2,132.884,30.5,2.97619360559407,13.7923896978668,28.1462498784869,0.211810676066997,49,3.22806829353828,16.460813092986,15.2713948494652,18.5,1.60655737704918,0.246081452289539,0.126345097968002,28.1462498784869,94.4868093317151,0.911264232437735
"141",141,"kirik.ee_3","kirik.ee",3,250.59,33.8,2.88019429844438,12.7688551767764,63.2718090639285,0.25249135665401,69,3.34853774908259,19.5235468075823,14.007731174185,35.2,2.0414201183432,0.326802924075796,0.209019705401638,63.2718090639285,255.103053189723,0.938483843806162
"142",142,"koffler.ca_1","koffler.ca",1,688.8375,8.5,1.53698832780206,3.18641233501499,190.270943328192,0.276220361592091,21,1.71976849021717,3.31229544786849,3.22386287595795,12.5,2.47058823529412,0.12393894883576,0.150545366635801,190.270943328192,374.285291772633,0.741572086863872
"143",143,"koffler.ca_2","koffler.ca",2,617.5875,7.83333333333333,1.18580157034041,2.35796938302441,142.098364018796,0.230086204819229,17,1.39255520861472,2.66158455474732,2.39683679171672,9.16666666666667,2.17021276595745,0.241161378867168,0.183902941000204,142.098364018796,479.681837961319,0.912245053582503
"144",144,"koffler.ca_3","koffler.ca",3,603.145833333333,8.41666666666667,1.11964158576291,2.05083485071555,201.953621429113,0.334833816745446,21,1.31146819175744,2.12267501448279,2.10559798300723,12.5833333333333,2.4950495049505,0.0911595683811609,0.205520314353122,201.953621429113,329.853778457018,0.625147540982772
"145",145,"konz.us_1","konz.us",1,347.85,16.6,2.07453677569706,5.77864486502634,79.6109009844478,0.228865605819887,38,2.34807457976793,6.79847101750655,5.90944484815499,21.4,2.28915662650602,0.228518956771222,0.217159658405024,79.6109009844478,244.234316751932,0.89374932274753
"146",146,"konz.us_2","konz.us",2,320.445,15.6,1.91184114195144,4.56230454925187,96.4825299384989,0.301089203883658,43,2.38356154190497,6.52215602268121,4.67109378651308,27.4,2.75641025641026,0.341462864721628,0.25191034633246,96.4825299384989,337.718385772262,0.918381622664121
"147",147,"konz.us_3","konz.us",3,326.425,15.9,2.04579040028223,5.41201984416028,77.7817753932972,0.238283757044642,36,2.41649007753481,6.89018932970212,5.61141240941272,20.1,2.26415094339623,0.316957274916316,0.212022977886804,77.7817753932972,343.611422563313,0.948758655246151
"148",148,"lake.us_1","lake.us",1,359.95,10.375,1.48976727636739,3.27912385125913,156.340146566937,0.434338509701173,30,1.77313348751271,3.73343433155106,3.33229024087856,19.625,2.89156626506024,0.234589122522631,0.304129846689972,156.340146566937,315.153803297406,0.753908890461219
"149",149,"lake.us_2","lake.us",2,292.36875,10.125,1.59918147194626,3.61071399845404,105.393514091238,0.36048146079647,33,2.42649759155975,6.69505191187642,3.72378657254505,22.875,3.25925925925926,0.441903343541818,0.393866382100172,105.393514091238,404.358265391596,0.932064758936784
"150",150,"lake.us_3","lake.us",3,794.8125,11.125,1.69407790818695,4.01711890273511,147.031077254339,0.184988380598366,31,2.22350287901698,6.11355705120306,4.08774340727533,19.875,2.78651685393258,0.344401648360012,0.297552186472439,147.031077254339,838.489731751914,0.969251581648457
"151",151,"lancaster.uk_1","lancaster.uk",1,194.2795,6.9,1.08305163192325,2.25416373123991,37.6406011914735,0.193744585463075,15,1.33804292638332,2.67639594843586,2.28560836224192,8.1,2.17391304347826,0.21218167380758,0.146901356295667,37.6406011914735,143.839817427642,0.931521402612357
"152",152,"lancaster.uk_2","lancaster.uk",2,129.9075,6.875,1.01187065729398,2.15528716067535,23.7184315007789,0.182579385337867,13,1.33598374294508,3.07964855216995,2.18448814622676,6.125,1.89090909090909,0.301030084586129,0.127378565615698,23.7184315007789,110.881819405893,0.954243663562887
"153",153,"lancaster.uk_3","lancaster.uk",3,135.7875,7.25,1.03136346134221,2.14925075356886,30.020656697871,0.221085568979995,15,1.29719557726694,2.83183753574542,2.17683017750765,7.75,2.06896551724138,0.290930336745907,0.147463284130394,30.020656697871,103.509804951927,0.915884235616012
"154",154,"lead.us_1","lead.us",1,537.45,4.9,1.13566906935388,2.76059894365342,150.289064065812,0.279633573478114,13,1.4272201582276,3.32483858004019,2.80723735198309,8.1,2.6530612244898,0.229544035816198,0.183931787171805,150.289064065812,396.981984733338,0.856677900195898
"155",155,"lead.us_2","lead.us",2,460.65,4.8,1.06545103768931,2.59050098224593,85.4468808350805,0.185491980538544,11,1.25445360236654,2.76423991903413,2.63196435881705,6.2,2.29166666666667,0.177586301557911,0.182160043406766,85.4468808350805,249.451756237074,0.882667237516774
"156",156,"lead.us_3","lead.us",3,404.075,3.4,0.723656600411878,1.88864242288276,80.3829419784516,0.198930747951374,10,0.868697483097138,2.04864570345668,1.90693164746878,6.6,2.94117647058824,0.174362673127448,0.17319208564725,80.3829419784516,212.612304991472,0.857060913388051
"157",157,"look.us_1","look.us",1,81.889999,6.8,1.40439662141434,3.59344911826716,37.8030760069719,0.461632390628945,19,1.85998821370392,4.41791050390926,3.7313295716822,12.2,2.79411764705882,0.330159353820306,0.275439730136579,37.8030760069719,82.8848451805497,0.791980514559039
"158",158,"look.us_2","look.us",2,89.7450015,7.9,1.53272985625455,3.74749635165888,59.5188198491779,0.663199274103059,19,2.06147816570887,6.12442917367254,3.86538757223953,11.1,2.40506329113924,0.371807494482829,0.264281393576109,59.5188198491779,112.743372687038,0.721306668126376
"159",159,"look.us_3","look.us",3,122.745002,8.3,1.4675982637937,3.71172856698934,109.518466962172,0.892243799565643,23,1.93744749045737,4.5502444416304,3.89100351573462,14.7,2.7710843373494,0.361744813745328,0.271278582256548,109.518466962172,161.01370179712,0.53735375434903
"160",160,"lubb.us_1","lubb.us",1,75.79,2.7,0.542904907405903,1.4957418837423,37.3174504905026,0.492379608002409,10,0.698108627802487,1.62544958679199,1.51363977842914,7.3,3.7037037037037,0.270567627737599,0.122857135304245,37.3174504905026,62.2709011147365,0.640868392192376
"161",161,"lubb.us_2","lubb.us",2,98.15,1.9,0.305017388818512,1.32208469495315,61.6864337687883,0.628491429126728,8,0.600102800653461,1.35205319270893,1.33971161931755,6.1,4.21052631578947,0.279037549426754,0.257694058522294,61.6864337687883,123.740139219162,0.751481841852109
"162",162,"lubb.us_3","lubb.us",3,101.96,2.3,0.323922916360015,1.33464654211287,50.7893295880148,0.49812994888206,10,0.495085588108244,1.24892537175884,1.36150042070507,7.7,4.34782608695652,0.288192975693115,0.230000005818835,50.7893295880148,90.9254988961889,0.687986363509997
"163",163,"marc.ar_1","marc.ar",1,405.929101,10.4,1.46507140543043,3.21957520081231,187.931889566249,0.462967274588794,24,1.87114362858083,3.5838654319302,3.39273658308998,13.6,2.30769230769231,0.245792518314024,0.259333434503317,187.931889566249,360.402101720505,0.728089279332984
"164",164,"marc.ar_2","marc.ar",2,368.19482,12.5,1.66646892754596,3.8084392368178,113.850812204255,0.309213508773031,24,1.94772622572051,3.87305962388965,4.01807047015057,11.5,1.92,0.235457113297626,0.154056933573866,113.850812204255,273.615314381857,0.826862371909201
"165",165,"marc.ar_3","marc.ar",3,317.1231,11,1.49580799103135,2.94588996887472,50.7538053263004,0.160044491638422,20,1.74844421600428,3.15789886636582,3.01966986784556,9,1.81818181818182,0.179206349573003,0.205127510331287,50.7538053263004,195.369513415066,0.932512455105952
"166",166,"mcdan.us_1","mcdan.us",1,509.016666666667,5.16666666666667,1.32680922278552,3.26139308565726,327.224827723674,0.642856804407859,21,2.15808106891813,5.75317144727823,3.32535068244846,15.8333333333333,4.06451612903226,0.444073235568926,0.382491356470998,327.224827723674,825.175743677339,0.84274676482662
"167",167,"mcdan.us_2","mcdan.us",2,505.714583333333,3.25,0.924475353303339,2.27944393182382,200.588219783016,0.39664313902295,13,1.6950216205707,3.48261284603846,2.40871512479908,9.75,4,0.418998391482463,0.348837847975673,200.588219783016,716.307297492894,0.921582661745568
"168",168,"mcdan.us_3","mcdan.us",3,559.366666666667,5,1.2395704570986,3.21410670478675,427.288521500474,0.763879127883571,28,2.37212578409148,5.76103985926717,3.34690271188801,23,5.6,0.443233389128486,0.386213476163325,427.288521500474,1015.34833652966,0.822902541286065
"169",169,"mcla.us_1","mcla.us",1,344.6649995,3,0.231570505689973,1.14986691718122,106.661076302021,0.3094630335449,10,0.301433243418759,1.12297896166205,1.15277073179079,7,3.33333333333333,0.0945718420427908,0.245674732327137,106.661076302021,150.127929523652,0.495235349042667
"170",170,"mcla.us_2","mcla.us",2,327.154999,3.2,0.233737353332572,1.13817514042704,137.965827871575,0.421713952998697,9,0.294084236177169,1.11595491928115,1.1407627638581,5.8,2.8125,0.0956492014982716,0.218225789610886,137.965827871575,159.697463191821,0.253642282602446
"171",171,"mcla.us_3","mcla.us",3,283.514997,3.6,0.256695176856819,1.14131361262163,75.0246522513325,0.264623222916608,14,0.345640569779149,1.13116348823541,1.14349068889156,10.4,3.88888888888889,0.0802585298008041,0.338955719478434,75.0246522513325,111.442718027513,0.546784670795696
"172",172,"msla.us_1","msla.us",1,435.305,16.5,2.22789823430059,6.62253821956761,148.919434687947,0.342103662232107,33,2.52025476463683,7.58002881663848,6.99560950753013,16.5,2,0.229722872102489,0.195600561077456,148.919434687947,336.762180133628,0.804450759706123
"173",173,"msla.us_2","msla.us",2,362.64,13.8,2.04842042945746,5.78852899650384,137.007896771601,0.377806907047213,33,2.39161139368408,6.73369162447317,6.08341732084051,19.2,2.39130434782609,0.230190641582089,0.207837486436772,137.007896771601,305.750802514265,0.799203569744886
"174",174,"msla.us_3","msla.us",3,234.61,15.4,2.16577228360604,6.44874278069192,139.062791173228,0.592740254776984,38,2.54384060506341,7.82679423392582,6.84709699135972,22.6,2.46753246753247,0.240371384179101,0.234442127340774,139.062791173228,239.724902113979,0.663491852278254
"175",175,"msum.us_1","msum.us",1,326.655,11.3,1.7952095350943,4.39563107748034,107.515137047973,0.329139725545218,25,2.28463276273195,6.55160339558574,4.6127969840156,13.7,2.21238938053097,0.334288833682168,0.236031275670527,107.515137047973,330.551690908161,0.894206140881714
"176",176,"msum.us_2","msum.us",2,287.375,9.5,1.74038143208902,4.56895823457307,99.0772208655675,0.344766318801453,24,2.2836007467049,7.00177727798567,4.82609411645637,14.5,2.52631578947368,0.359596917025977,0.284830007862893,99.0772208655675,312.605501329668,0.899548968928964
"177",177,"msum.us_3","msum.us",3,326.44,6.9,1.28866417742759,2.89076288868504,112.050032971387,0.343248477427358,19,2.1606847069295,6.0404618558333,3.03888332595631,12.1,2.7536231884058,0.486467893972517,0.335555630808171,112.050032971387,527.217996323501,0.954830682884989
"178",178,"mtca.au_1","mtca.au",1,107.985,15.7,1.7419806977466,3.81443860109064,40.8232984268107,0.378046010342276,32,2.04592492102964,4.79603602891803,4.05530785785017,16.3,2.03821656050955,0.284448957301481,0.214128552024385,40.8232984268107,96.0733108474197,0.819444522304908
"179",179,"mtca.au_2","mtca.au",2,107.76,13.8,1.42162518719664,2.70309946094057,23.7731501208121,0.220612009287417,31,1.71812919760539,3.40031528537963,2.79228030199043,17.2,2.2463768115942,0.275214655862099,0.248630457478836,23.7731501208121,83.9899590215822,0.919884097951733
"180",180,"mtca.au_3","mtca.au",3,97.53,15.2,1.82343946029003,4.33216701449145,33.3848618388634,0.342303515214431,39,2.13318542143626,5.06697843997229,4.69249200406821,23.8,2.56578947368421,0.251873371135084,0.25242124189405,33.3848618388634,82.4045919054533,0.835866836321018
"181",181,"mtca.au_4","mtca.au",4,103.32,13,1.74237030575853,4.23055972089015,25.0264881897383,0.242223075781439,31,2.08905643150027,5.73324467724207,4.51561006220087,18,2.38461538461538,0.319052305362405,0.18750357617265,25.0264881897383,94.0699293023128,0.929222015906476
"182",182,"nilla.au_1","nilla.au",1,165.17165,10.5,1.61872526063997,4.02796722352888,45.0854978186815,0.272961478671924,22,2.08274792068105,6.39977935996178,4.28113306130235,11.5,2.0952380952381,0.304796776630582,0.138801521403322,45.0854978186815,159.158117237366,0.919755337885629
"183",183,"nilla.au_2","nilla.au",2,133.5286,9.3,1.37833087589181,3.18554202795783,27.1637518679663,0.203430215459207,20,1.93419122819072,4.8868574303858,3.38640335219192,10.7,2.1505376344086,0.333692693210188,0.169281109360905,27.1637518679663,137.482710068243,0.960962379251882
"184",184,"nilla.au_3","nilla.au",3,152.0214,9.6,1.41457587877146,3.27125913105436,66.953948528406,0.440424496343318,21,1.9787800534465,5.64199252518929,3.46764426888967,11.4,2.1875,0.354958168872962,0.182154381852075,66.953948528406,155.008192676393,0.813429453807786
"185",185,"niwo.us_1","niwo.us",1,143.12,21,2.30002023572821,6.87982176409936,86.3894495873194,0.60361549460117,46,2.66413561323834,6.97368979175384,7.44624255461883,25,2.19047619047619,0.280849407060437,0.251847745119512,86.3894495873194,119.16330497267,0.474423020824902
"186",186,"niwo.us_2","niwo.us",2,119.16,15.6666666666667,1.86455787624793,4.03468751657172,26.7055799412782,0.224115306657252,35,2.13826058745557,4.04282919103573,4.24197067673516,19.3333333333333,2.23404255319149,0.208233455465909,0.250507360534886,26.7055799412782,78.8975144090294,0.885428292808786
"187",187,"niwo.us_3","niwo.us",3,109.96,14,1.65559843028844,3.41013471130617,48.0167991436331,0.436675146813687,30,1.90577190404516,3.37272598989642,3.56176098219093,16,2.14285714285714,0.188058984524534,0.206015167610499,48.0167991436331,78.963834430555,0.630231464039571
"188",188,"niwo.us_4","niwo.us",4,114.7,18.5555555555556,2.00702001611557,4.46043926796593,43.1704760223929,0.376377297492527,40,2.31916780003559,4.56109144288058,4.6892372831798,21.4444444444444,2.15568862275449,0.233560416142675,0.214085544872278,43.1704760223929,90.1602259507558,0.770731868227575
"189",189,"pich.ec_1","pich.ec",1,1047.94,19.8,2.21680307141131,6.52444417209662,318.849763298572,0.304263377004955,50,2.79077143246961,8.47504465302316,6.98456536860348,30.2,2.52525252525253,0.345100492966557,0.285477284845804,318.849763298572,1203.40376073358,0.929798002570313
"190",190,"pich.ec_2","pich.ec",2,955.765,18.6,2.12059025534812,6.05535514899458,357.498879601974,0.374044749077413,44,2.61103292130538,7.30936110256963,6.36199558167358,25.4,2.36559139784946,0.339235578585946,0.278043613700496,357.498879601974,1015.09181272689,0.875966579589298
"191",191,"pich.ec_3","pich.ec",3,1108.25,20.8,1.82661104133498,3.70633231613823,208.060913890353,0.187738248491183,51,2.37531839889573,4.85155255802238,3.81459127162399,30.2,2.45192307692308,0.362105347138934,0.314558563288481,208.060913890353,1156.7360010767,0.967647153377751
"192",192,"ping.au_1","ping.au",1,180.7293,8,1.44980720358138,3.40221609702277,35.2695259294605,0.195151123417512,15,1.74588525677795,4.24737632951298,3.52577472444582,7,1.875,0.273739684058636,0.10944226498323,35.2695259294605,142.559494116314,0.938792174154739
"193",193,"ping.au_2","ping.au",2,233.4333,7.1,1.25097452188379,2.86639127624886,29.1808673317524,0.125007303292857,14,1.61819016980018,3.98693696653307,2.93678287737821,6.9,1.97183098591549,0.270415072700909,0.129372106114327,29.1808673317524,185.437909285506,0.975237222933349
"194",194,"ping.au_3","ping.au",3,266.28405,9.7,1.51963936831693,3.61121437776648,139.941635619292,0.525535178014952,21,1.87367365540412,4.58999602666549,3.74606310202733,11.3,2.16494845360825,0.284778869397464,0.118712578363793,139.941635619292,311.840750458329,0.798614518685933
"195",195,"pinj.au_1","pinj.au",1,1346.2,3.5,0.224127402977526,1.1646005785422,664.112364990544,0.493323700037546,14,0.913194128122544,2.18968765896442,1.29321798266299,10.5,4,0.386458543234955,0.254507797941134,664.112364990544,1475.24197225873,0.797345331624415
"196",196,"pinj.au_2","pinj.au",2,454.15,5.7,0.97213190320094,2.38253698275344,134.242742406764,0.295591197636826,20,1.73820136561274,3.67013874606464,2.58748650864992,14.3,3.50877192982456,0.372040656626472,0.309712314156929,134.242742406764,570.100626014741,0.94455293077444
"197",197,"pinj.au_3","pinj.au",3,544.55,6.3,1.13942015543775,2.86443290227998,177.10597110205,0.325233626117068,21,1.69733937451562,3.74507312959627,2.94516754525878,14.7,3.33333333333333,0.346884011641356,0.315559892210406,177.10597110205,613.476171609196,0.916656639098102
"198",198,"podo.ec_1","podo.ec",1,1169.94,13.6,1.63558468309118,3.32859448268527,558.648582543425,0.477501908254633,48,2.63677364453422,7.27046126296129,3.45555630331154,34.4,3.52941176470588,0.517020990094792,0.392870976259592,558.648582543425,2048.19752400941,0.925606716306575
"199",199,"podo.ec_2","podo.ec",2,1127.3,10.4,1.5516724436129,3.68128511832703,486.858112458514,0.43187981234677,43,2.36995031917837,4.46073236995785,3.92081477242376,32.6,4.13461538461538,0.46766760523759,0.421544580341519,486.858112458514,1738.63610529534,0.921587114850089
"200",200,"podo.ec_3","podo.ec",3,507.585,12.4,1.43465879203135,2.8830391918285,259.746040553717,0.5117291499034,47,2.33950485511771,5.59117397608821,2.98711040611392,34.6,3.79032258064516,0.485327262742835,0.405169624724764,259.746040553717,803.097703626012,0.895392914064102
"201",201,"potrok.ar_1","potrok.ar",1,70.83,12.7,1.67297529242814,3.69078910336185,22.48519512924,0.317452987847523,32,2.07424055164666,4.71576965206582,3.92301387692453,19.3,2.51968503937008,0.322690166273443,0.234003732647737,22.48519512924,71.0936394122737,0.899969641029853
"202",202,"potrok.ar_2","potrok.ar",2,61.415,14.3,1.97270977860201,5.24102394646127,17.3007072752019,0.281701657171731,26,2.27562039309996,6.70870647570399,5.56172394748644,11.7,1.81818181818182,0.254887352092515,0.173782518351543,17.3007072752019,48.0164224131129,0.87017805286298
"203",203,"potrok.ar_3","potrok.ar",3,92.72,11.7,1.70430573817857,4.2519031542792,26.9688215043471,0.290863044697445,26,1.89161535337386,4.59776346113556,4.45288864247564,14.3,2.22222222222222,0.200391820563886,0.194825554393629,26.9688215043471,59.2743417595087,0.792990413407147
"204",204,"saana.fi_1","saana.fi",1,200.164,23.9,2.53878111768686,9.49322781405282,42.7385459509329,0.21351764528553,53,3.02632050426543,13.2017944541311,10.2534764226246,29.1,2.21757322175732,0.335096789315205,0.269415716364155,42.7385459509329,193.695115021664,0.951314218113507
"205",205,"saana.fi_2","saana.fi",2,193.523,24.6,2.45058148249774,8.64371181861451,21.2875589905883,0.110000149804356,53,2.75696867371789,10.3766706046858,9.28235554338735,28.4,2.15447154471545,0.277377671310278,0.215112704877745,21.2875589905883,146.279368232779,0.978821969133998
"206",206,"saana.fi_3","saana.fi",3,311.9085,25.6,2.42866567609769,8.07818263568358,76.7080132004908,0.245931140704696,60,2.80699588187893,9.80955941620035,8.45699209367165,34.4,2.34375,0.27462151173601,0.279448353231377,76.7080132004908,250.771008417989,0.906432114342132
"207",207,"saana.fi_4","saana.fi",4,172.079,24,2.52744162645501,9.37273730557094,38.0217346322395,0.220955111502505,47,2.86952070586285,11.7053463238749,9.84720716319009,23,1.95833333333333,0.272840079105359,0.198197071957251,38.0217346322395,138.842823901693,0.925007647673833
"208",208,"sage.us_1","sage.us",1,115.17,9,1.49012652273552,3.97113701442027,35.9468141070171,0.312119598046515,21,2.06174797801905,5.1850865400402,4.30556990998408,12,2.33333333333333,0.433489285371076,0.240548718036889,35.9468141070171,146.739039289787,0.93998919275462
"209",209,"sage.us_2","sage.us",2,81.01,10.3,1.51360051216379,3.82407050010183,52.0081393202598,0.64199653524577,19,2.12033384778997,6.2417521275835,4.22674252642582,8.7,1.84466019417476,0.431523556185998,0.175302783953676,52.0081393202598,116.801378045234,0.80173470549359
"210",210,"sage.us_3","sage.us",3,167.185,13.4,1.86580082770786,5.13697418954376,33.6629374997357,0.201351422075758,28,2.24054945463667,7.78381833071225,5.39172977768421,14.6,2.08955223880597,0.320470724196624,0.166615683887626,33.6629374997357,143.677781063735,0.945106010221718
"211",211,"sedg.us_1","sedg.us",1,181.549999,6.9,1.17897106343987,2.68492592226216,75.0741643472936,0.413517845005847,15,1.69284874651437,4.51873270197404,2.73416766197465,8.1,2.17391304347826,0.371930240317828,0.217903845943321,75.0741643472936,231.287783438167,0.894640033127517
"212",212,"sedg.us_2","sedg.us",2,187.82,5.4,0.999347248769534,2.49450797797022,46.7929003250852,0.249136941353877,15,1.62247786279181,3.7275066571657,2.54380574311889,9.6,2.77777777777778,0.407782264290664,0.207210194755319,46.7929003250852,222.333446656466,0.955705446529212
"213",213,"sedg.us_3","sedg.us",3,222.6749985,6.4,1.27555431784408,2.97057763037261,67.5938472826652,0.303553823904776,17,1.92856662255789,5.43387071201429,3.04304821101068,10.6,2.65625,0.420746910287916,0.252748557463006,67.5938472826652,277.851105288364,0.940817940421899
"214",214,"sereng.tz_1","sereng.tz",1,256.35,13.5,1.95117196942175,5.53444753332598,39.6723035210544,0.154758351944819,32,2.33197702434917,8.03636382783334,6.0098002746754,18.5,2.37037037037037,0.302979905987945,0.217085441677416,39.6723035210544,218.176034749053,0.96693559231702
"215",215,"sereng.tz_2","sereng.tz",2,281.85,12.5,1.87342104240621,5.18313131358,86.7592614332582,0.307820689846579,30,2.20160712504835,6.85003724302314,5.57414287567151,17.5,2.4,0.282579744566964,0.219125067956,86.7592614332582,237.920067551112,0.867025139435513
"216",216,"sereng.tz_3","sereng.tz",3,385.95,11.9,1.62155154605605,3.95142641294262,158.961289837075,0.411870164106945,33,1.98675046679343,5.43218396749683,4.20323430579161,21.1,2.77310924369748,0.336823600476741,0.24078589399656,158.961289837075,396.153185171625,0.838988664641469
"217",217,"sevi.us_1","sevi.us",1,91.17375,6.375,0.933987626635022,2.34064900382717,23.2357784077548,0.254851625690013,16,1.29772627878308,2.2538896142348,2.47315940502515,9.625,2.50980392156863,0.29307556279633,0.27339697073416,23.2357784077548,77.7977993114003,0.910796924528514
"218",218,"sevi.us_2","sevi.us",2,93.4175,8.625,0.995010181682984,2.04939986768883,15.8178576750637,0.169324352236612,24,1.31450773260545,2.21898813092912,2.10902468469657,15.375,2.78260869565217,0.213573121160943,0.23449986172246,15.8178576750637,61.9343552269677,0.934772296901694
"219",219,"sevi.us_3","sevi.us",3,124.27375,8.625,0.886646840221345,1.91215607438678,84.8563259595721,0.682817778972406,24,1.33010211991171,2.19665189139503,1.96698977240083,15.375,2.78260869565217,0.23251706169761,0.305398105926345,84.8563259595721,118.387402918262,0.48624334423358
"220",220,"sevi.us_4","sevi.us",4,87.15125,8.625,1.158066166691,2.51235974293746,43.267813982055,0.496468082581202,26,1.56591876221811,2.60342922629908,2.65521726377754,17.375,3.01449275362319,0.293203801824167,0.281768513443009,43.267813982055,87.7805543844498,0.757040844612542
"221",221,"sevi.us_5","sevi.us",5,80.90625,9,1.21451354979039,2.6115907810968,41.8439628475329,0.517190734307089,23,1.67106310388478,2.8393639113106,2.7754966421485,14,2.55555555555556,0.330566443805215,0.265882452379845,41.8439628475329,80.3220485057512,0.728608611131058
"222",222,"shps.us_1","shps.us",1,108.03,17.3,2.25381210830159,6.79644000888971,52.9219561660795,0.489882034306022,44,2.73923000341545,7.93974162961301,8.34411618771492,26.7,2.54335260115607,0.362218311062514,0.253466611016266,52.9219561660795,133.509862313786,0.842875075712959
"223",223,"shps.us_2","shps.us",2,62.39,14.6,2.15540804113886,6.03745562106681,25.6729624313206,0.411491624159651,37,2.67062876136986,8.7241169986741,7.59310577125162,22.4,2.53424657534247,0.354990642346493,0.271813977155749,25.6729624313206,74.1207059759991,0.880029939961188
"224",224,"shps.us_3","shps.us",3,80.61,14.3,1.93396717981837,4.7252352743083,37.7023267775935,0.467712774811977,32,2.20131221192297,4.85405352820331,5.5539082870776,17.7,2.23776223776224,0.285567976461178,0.233337899611188,37.7023267775935,77.8102182240238,0.765218950365088
"225",225,"shps.us_4","shps.us",4,146.44,14.8,1.90911035610793,4.36108105651893,59.7962131837051,0.408332512863324,36,2.16620639146219,3.88228938050781,4.88377894459957,21.2,2.43243243243243,0.255311598005302,0.241401229597517,59.7962131837051,123.910127201392,0.767119160770677
"226",226,"sier.us_1","sier.us",1,214.7500005,6.9,1.14289948465104,2.45541707727805,85.7433386505592,0.39927049336868,17,1.61970945299065,3.3591004813954,2.48473480839312,10.1,2.46376811594203,0.274818440609325,0.206703116208686,85.7433386505592,254.649644269346,0.886625696452219
"227",227,"sier.us_2","sier.us",2,185.8999995,10.4,1.41964958844738,3.15896771540559,71.2812070597076,0.383438446753237,28,1.80205213755138,3.52504995096619,3.22044952486526,17.6,2.69230769230769,0.289847096896649,0.290384785471238,71.2812070597076,166.926508988269,0.817652644668215
"228",228,"sier.us_3","sier.us",3,141.9249985,10.7,1.44595103148287,3.15387725189166,53.3211416427232,0.375699434252403,25,1.83676577303592,4.18618641806643,3.22235105374758,14.3,2.33644859813084,0.322780289838275,0.22860098049473,53.3211416427232,131.540451609055,0.835683860973886
"229",229,"smith.us_1","smith.us",1,379.907105,21.1,2.09957391043758,5.91115840542204,88.7825053736829,0.233695301312364,36,2.51671772428394,8.60425393719141,6.32159406353949,14.9,1.70616113744076,0.326156430666944,0.171313251578152,88.7825053736829,354.98742143691,0.937449776847448
"230",230,"smith.us_2","smith.us",2,397.677685,22.5,2.25394203926804,7.18302043572419,61.9092027702311,0.155676833539783,39,2.73228193869075,10.914878826874,7.82438479258233,16.5,1.73333333333333,0.349357859434032,0.140578414925031,61.9092027702311,409.919526192483,0.977190634168506
"231",231,"smith.us_3","smith.us",3,400.46909,22,2.32141625259343,7.56615540160055,73.6577553484575,0.183928690597463,37,2.82108581409806,11.0655174377544,8.3567346802424,15,1.68181818181818,0.370024849483348,0.156963928964243,73.6577553484575,433.3623700646,0.97111086326156
"232",232,"spin.us_1","spin.us",1,441.4223,6.8,1.17979005352332,2.78448712823293,137.242770445538,0.31091036960647,13,1.4149049970025,3.39386785404775,2.84016405597702,6.2,1.91176470588235,0.241482608144904,0.140174667877867,137.242770445538,320.563507408157,0.816704927422628
"233",233,"spin.us_2","spin.us",2,454.1416,6.7,1.37106747781037,3.26353642434433,120.397495613673,0.265110035314257,13,1.57685193836288,3.93777652403718,3.34019245147114,6.3,1.94029850746269,0.229861347552069,0.135748833250179,120.397495613673,333.678534899643,0.869809778286353
"234",234,"spin.us_3","spin.us",3,509.7,7.6,1.38150104993322,3.16799453892313,223.758823538003,0.439001027149309,15,1.68338884767596,4.26248435314042,3.24007597193995,7.4,1.97368421052632,0.28496276135718,0.110182710189687,223.758823538003,509.706322532953,0.807282879279778
"235",235,"spv.ar_1","spv.ar",1,67.05,11,1.97046087428944,5.85097596872896,15.94513161508,0.23780956920328,22,2.23862759101551,5.08267932104399,9.63462309015016,11,2,0.289944130856772,0.1707786853249,15.94513161508,60.1589044624954,0.92974837424861
"236",236,"spv.ar_2","spv.ar",2,87.55965,8.7,1.98153869241567,6.67813884874154,41.0423112680682,0.468735442273561,16,2.493166943083,10.6996904024768,23.2325105958614,7.3,1.83908045977012,0.337734935864972,0.203645011610885,41.0423112680682,111.850956711011,0.865356865582868
"237",237,"spv.ar_3","spv.ar",3,60.273,10.4,1.98070990491689,5.60054298297423,52.2911000994539,0.867570887452988,21,2.46388576644924,8.93213448006255,10.5265672290476,10.6,2.01923076923077,0.358403741936634,0.171527851429992,52.2911000994539,84.7332008064043,0.619154934679132
"238",238,"summ.za_1","summ.za",1,327.75,32.3,2.77241576581807,10.5045887194214,95.9019319698803,0.292606962532053,79,3.36327261932221,16.4209861044603,11.0868036916236,46.7,2.44582043343653,0.35774593378795,0.260346656046978,95.9019319698803,365.040124743815,0.930980230572186
"239",239,"summ.za_2","summ.za",2,283.9,29.6,2.70984996084136,9.63198255268147,65.6297696679385,0.231172136907145,69,3.13846140177192,12.4157533154745,10.1370421828836,39.4,2.33108108108108,0.297161645441287,0.224101475568696,65.6297696679385,254.361749803543,0.93342699629464
"240",240,"summ.za_3","summ.za",3,327.6,29.2,2.72712110010568,10.7185424023713,65.5035198375714,0.199949694253881,65,3.19522142757392,14.7866701417286,11.4865364131393,35.8,2.22602739726027,0.33131363055181,0.231774860956954,65.5035198375714,324.109295980628,0.959154304069779
"241",241,"temple.us_1","temple.us",1,733.0625,13.75,1.87212869199561,4.73310968119828,249.597166521806,0.340485520022926,35,2.43885006035661,7.19281414181606,4.80790254564133,21.25,2.54545454545455,0.344342733337566,0.285012111105097,249.597166521806,781.862419603852,0.89808957251339
"242",242,"temple.us_2","temple.us",2,737.45,15.4,2.20401498400975,7.52961195181503,192.335997959589,0.260812255691354,37,2.78658457371644,12.1639796821956,7.67730153368868,21.6,2.4025974025974,0.372472195325998,0.252416520145075,192.335997959589,822.085492947864,0.945262219774658
"243",243,"temple.us_3","temple.us",3,1100.6875,17,2.22577382055425,7.08556721022324,301.951147597942,0.274329587278807,41,2.68807041472713,9.77911160520083,7.25284603293111,24,2.41176470588235,0.327564505245314,0.247066567063152,301.951147597942,1090.2731754739,0.923298701741889
"244",244,"tyso.us_1","tyso.us",1,437.72,9.3,1.5848524448231,4.00298136460566,57.7359805012823,0.131901627755831,23,2.04949720187043,5.71598262899831,4.15651461388816,13.7,2.47311827956989,0.302843441209899,0.240121380081546,57.7359805012823,401.682978710487,0.979340194270698
"245",245,"tyso.us_2","tyso.us",2,433.285,7.8,1.50043139417006,3.87432590452494,158.971858183908,0.366899057626984,20,2.11788705544324,6.65649346747706,4.02620669257471,12.2,2.56410256410256,0.346832442675789,0.254498256284761,158.971858183908,563.246815839624,0.920339503157266
"246",246,"tyso.us_3","tyso.us",3,452.81,9.7,1.69119226625485,4.58657811438282,89.5733181998598,0.197816563679821,30,2.26361533657066,6.73288975650597,4.8150440748224,20.3,3.09278350515464,0.344699847906192,0.336829618970567,89.5733181998598,499.846269283144,0.967886738523585
"247",247,"tyso.us_4","tyso.us",4,438.815,7.9,1.59999452426387,4.39701267434714,87.0358452656784,0.198342912766606,21,2.06464113824376,5.96255735186284,4.59708166390555,13.1,2.65822784810127,0.312156669341612,0.253551352221366,87.0358452656784,401.013310930448,0.952893729043531
"248",248,"ufrec.us_1","ufrec.us",1,147.5,1,0,1,74.3870188368143,0.504318771775012,3,0,1,1,2,3,0,0,74.3870188368143,74.3870188368143,0
"249",249,"ufrec.us_2","ufrec.us",2,171.5,1,0,1,24.2310308724754,0.141288809752043,3,0,1,1,2,3,0,0,24.2310308724754,24.2310308724754,0
"250",250,"ufrec.us_3","ufrec.us",3,129.5,1,0,1,19.9356106359592,0.153942939273817,3,0,1,1,2,3,0,0,19.9356106359592,19.9356106359592,0
"251",251,"ukul.za_1","ukul.za",1,512.22,21.7,2.28632873010817,6.76770667016202,280.811045802056,0.548223509043099,75,2.86012536488602,9.40172096079609,6.96896015017308,53.3,3.45622119815668,0.344724838283956,0.345734209692621,280.811045802056,626.118757363373,0.798852358583734
"252",252,"ukul.za_2","ukul.za",2,534.79,22,2.15583427175524,5.26877288162749,139.57002981379,0.260981001540399,71,2.71041480252656,6.27181066966352,5.37665456802194,49,3.22727272727273,0.274505229535826,0.358367110590641,139.57002981379,548.761554116726,0.935313003345999
"253",253,"ukul.za_3","ukul.za",3,359.925,22.5,2.2971654530356,6.61739739156945,79.4422545346968,0.22071891236979,61,2.72310346268518,8.30376060869352,6.82352068628128,38.5,2.71111111111111,0.284244626990101,0.281355464033234,79.4422545346968,333.512431324502,0.943261340808886
"254",254,"unc.us_1","unc.us",1,250.7595,10.3,1.29790244734475,2.86494927217281,119.145378178882,0.475138043339863,27,2.02225991101612,4.99743793860366,2.98245176104333,16.7,2.62135922330097,0.461693253158972,0.293773033964183,119.145378178882,340.404238358525,0.877491990781448
"255",255,"unc.us_2","unc.us",2,329.9855,10.3,1.42349774244706,3.10090999301667,169.136898324175,0.512558577041036,28,1.9348576368361,3.85299836648447,3.22354619122666,17.7,2.71844660194175,0.364356278692233,0.310009583344748,169.136898324175,382.187028496656,0.804149430656744
"256",256,"unc.us_3","unc.us",3,331.804,9.9,1.16241114633615,2.51962531178391,191.222338025661,0.576311129539308,34,1.46926724705968,2.29573794917446,2.60383275765496,24.1,3.43434343434343,0.266972235271344,0.36110668715703,191.222338025661,347.083339121932,0.696464344412107
"257",257,"uwo.ca_1","uwo.ca",1,246.5515,9.4,1.44407649047218,3.06761302588197,68.1941662970114,0.276591974889674,26,1.89721160640312,3.70299470837937,3.19349205448236,16.6,2.76595744680851,0.30452752693039,0.22060452156567,68.1941662970114,239.392644604739,0.918852929920814
"258",258,"uwo.ca_2","uwo.ca",2,247.3565,11.6,1.84925953845162,4.97786897787791,54.4146424865995,0.219984688037709,30,2.41414274740449,7.32820535122147,5.31544567980012,18.4,2.58620689655172,0.368663256040231,0.273701092227012,54.4146424865995,279.216122588178,0.962020383374347
"259",259,"uwo.ca_3","uwo.ca",3,285.388,9,1.56907253042356,3.64714694732461,101.570121623766,0.355901865613713,26,2.11978867346132,5.20244531473875,3.84316929856886,17,2.88888888888889,0.37284417387621,0.274828369530532,101.570121623766,329.174472889463,0.904790639657162
"260",260,"valm.ch_1","valm.ch",1,384.9,23.4,2.58947058438756,9.36351114152756,123.206964539798,0.320101232891136,55,3.2148223961395,15.8148072085023,10.3548130916051,31.6,2.35042735042735,0.370481552363953,0.230499837479372,123.206964539798,453.868668480288,0.926309736595942
"261",261,"valm.ch_2","valm.ch",2,290.45,23.8,2.56791596486495,8.51157290237362,117.941061080901,0.406063215978314,56,3.1421257478905,14.1136802520581,9.20108143471385,32.2,2.35294117647059,0.368006999535074,0.271291745552813,117.941061080901,339.513711183122,0.879325522895432
"262",262,"valm.ch_3","valm.ch",3,290.585,28.4,2.75566499110449,10.2016923285651,141.705083124542,0.487654500832947,72,3.5236920281587,20.8189735037984,11.3406794889341,43.6,2.53521126760563,0.433009626050759,0.304420985991763,141.705083124542,433.699901054291,0.893244019861813
"263",263,"veluwe.nl_1","veluwe.nl",1,143.765,14.8,1.98032611801835,5.13015329367898,64.7988229059757,0.450727387792409,36,2.33688679767772,6.98184390021186,5.95426426928036,21.2,2.43243243243243,0.249880597509494,0.210850445663305,64.7988229059757,121.704935249631,0.716522982803109
"264",264,"veluwe.nl_2","veluwe.nl",2,100.154,15.6,1.72862537771281,3.75494256866293,16.3506909130267,0.16325549566694,36,2.13103275367502,5.13181580437098,4.82037779649802,20.4,2.30769230769231,0.235321013266719,0.221261223538288,16.3506909130267,70.056696760987,0.945528052120265
"265",265,"veluwe.nl_3","veluwe.nl",3,98.471,14.7,1.65912628991573,3.52501660373021,23.8563047571636,0.24226731481516,41,2.15745845210464,4.79661509160452,4.52728998767089,26.3,2.7891156462585,0.241648472620416,0.231907172330811,23.8563047571636,80.7375507585096,0.912691765330849
"266",266,"veluwe.nl_4","veluwe.nl",4,133.342,14,1.81105787831874,4.3609057904203,47.7381316955092,0.358012716889721,33,2.28061891925066,6.1314620028201,5.18499851644713,19,2.35714285714286,0.293729126873709,0.224517208810683,47.7381316955092,114.799251677453,0.827077015593037
"267",267,"veluwe.nl_5","veluwe.nl",5,118.634,17.5,2.03100172957067,4.94404801203978,39.2326395294077,0.330703167130904,38,2.5089934631767,7.28014389472848,5.74682970634947,20.5,2.17142857142857,0.276450164977957,0.175702293623165,39.2326395294077,110.834865294691,0.874702541960496
"268",268,"yarra.au_1","yarra.au",1,126.98,5.4,0.616240814025808,1.55645992778739,36.4796229269011,0.287286367356285,13,0.801165028233731,1.4902075346716,1.57243958212343,7.6,2.40740740740741,0.157318368089932,0.231596349211881,36.4796229269011,75.4537564855424,0.766256819601721
"269",269,"yarra.au_2","yarra.au",2,112.8,7.4,0.921783155598965,1.94622260397551,34.0815525207145,0.30214142305598,14,1.13787603050912,2.06657260157053,1.97881300407897,6.6,1.89189189189189,0.20224846482452,0.178320944555659,34.0815525207145,75.3121802988635,0.795210210935995
"270",270,"yarra.au_3","yarra.au",3,108.03,7.2,0.95436952493175,2.07028009311219,48.2881351886776,0.446988199469384,19,1.23499909770004,2.09604363523799,2.11516433520644,11.8,2.63888888888889,0.21893831903323,0.19413671655105,48.2881351886776,88.6074219481429,0.703010793356947
"271",271,"yarra.au_4","yarra.au",4,82.1555555555556,8.6,0.966494183709564,2.04612198576332,43.6875013908758,0.531765637703384,17,1.21084604437217,2.05864646814934,2.07822277839299,8.4,1.97674418604651,0.208256540920601,0.202097010977765,43.6875013908758,75.2054120714403,0.662544723370487
